Dia,Data,Horário,Tema,Palavra-chave principal,Volume (dado),Concorrência,Variações (sinônimos)
1,08/10/2026,09h,Estresse,estresse,50.000,Baixo,
1,08/10/2026,12h,Insônia / Sono,meditação para dormir,50.000,Baixo,meditação para dormir; meditacao para dormir; meditação ao dormir
1,08/10/2026,20h,Memória,memória,50.000,Baixo,memória
2,09/10/2026,09h,Inteligência emocional,inteligência emocional,50.000,Médio,
2,09/10/2026,12h,Qualidade de vida,qualidade de vida,50.000,Baixo,qualidade de vida; de qualidade de vida; oq e qualidade de vida
2,09/10/2026,20h,Meditação,meditacaoparadormir,50.000,Baixo,meditaçãoparadormir
3,10/10/2026,09h,Mindfulness,mindfulness,50.000,Baixo,mindfulness; oque e mindfulness; mindfulness o
3,10/10/2026,12h,Autoestima,autoestima,50.000,Baixo,
3,10/10/2026,20h,Pânico,pânico,500.000,Baixo,
4,11/10/2026,09h,Ansiedade,tecnica de relaxamento ansiedade,500,Médio,tecnicas de relaxamento ansiedade; técnica de relaxamento ansiedade; ansiedade tecnicas de relaxamento
4,11/10/2026,12h,Solidão,solidão,50.000,Baixo,solidão; a solidao; com a solidão
4,11/10/2026,20h,Foco e concentração,distração,5.000,Baixo,distração; distração
5,12/10/2026,09h,Estresse,estresse no trabalho,5.000,Baixo,estresse no trabalho; estresse do trabalho; estresse e trabalho
5,12/10/2026,12h,Memória,esquecimentos,5.000,Baixo,esquecimentos; esquecimento; esquecimentos
5,12/10/2026,20h,Insônia / Sono,insônia,50.000,Baixo,
6,13/10/2026,09h,Relaxamento,relaxamento muscular,50.000,Médio,relaxamento muscular
6,13/10/2026,12h,Autoestima,auto estima baixa ou baixa estima,5.000,Baixo,baixa estima ou baixa auto estima; auto estima baixa; baixa auto estima
6,13/10/2026,20h,Mindfulness,atenção plena,5.000,Alto,atenção plena; atenção plena o que é
7,14/10/2026,09h,Meditação,meditação,50.000,Baixo,meditação
7,14/10/2026,12h,Qualidade de vida,qualidade de vida no trabalho,5.000,Baixo,qualidade de vida do trabalho; qualidade de vida e trabalho; qualidade de vida trabalho
7,14/10/2026,20h,Inteligência emocional,controle emocional,5.000,Baixo,controle emocional; controle emocional; oque e controle emocional
8,15/10/2026,09h,Estresse,estresse emocional sintomas,5.000,Baixo,sintomas estresse emocional; estresse emocional sintomas; sintomas estresse emocional
8,15/10/2026,12h,Insônia / Sono,meditaçãopara dormir,50.000,Baixo,
8,15/10/2026,20h,Memória,como melhorar a memoria,5.000,Médio,como melhorar a memória; como melhorar memória; como melhorar memória
9,16/10/2026,09h,Pânico,crises de panico,5.000,Baixo,crise do panico; crise panico; pânico crise
9,16/10/2026,12h,Ansiedade,como lidar com crise de ansiedade,500,Médio,como lidar com crise de ansiedade; como lidar com a crise de ansiedade; como lidar crise ansiedade
9,16/10/2026,20h,Autocuidado,autocuidado,50.000,Baixo,
10,17/10/2026,09h,Estresse,sintomas de estresse,5.000,Baixo,sintomas de estresse; estresse sintomas; sintomas estresse
10,17/10/2026,12h,Memória,exercicio de memoria para idosos,500,Alto,exercicios para memoria de idosos; exercicios para memoria idoso; exercícios para memória idosos
10,17/10/2026,20h,Insônia / Sono,dificuldade para dormir,5.000,Baixo,dificuldade para dormir; dificuldade em dormir; dificuldade dormir
11,18/10/2026,09h,Inteligência emocional,equilíbrio emocional,5.000,Baixo,equilíbrio emocional; equilibrio emocional; equilíbrio emocional
11,18/10/2026,12h,Qualidade de vida,saude e qualidade de vida,5.000,Baixo,qualidade de vida e saúde; qualidade de vida em saude; qualidade de vida na saude
11,18/10/2026,20h,Meditação,meditação guiada,50.000,Baixo,
12,19/10/2026,09h,Mindfulness,mindfulness para iniciantes,500,Médio,mindfulness para iniciantes; mindfulness para iniciantes; mindfulness iniciante
12,19/10/2026,12h,Autoestima,autoconfiança,5.000,Baixo,autoconfiança; oque é autoconfiança; a autoconfiança
12,19/10/2026,20h,Pânico,sintomas de crise de ansiedade e pânico,5.000,Baixo,sintomas crise de panico e ansiedade
13,20/10/2026,09h,Relaxamento,tecnicas de respiração e relaxamento,500,Baixo,técnica de relaxamento respiração; técnicas de relaxamento e respiração; técnicas de relaxamento respiração
13,20/10/2026,12h,Foco e concentração,foco e concentração,500,Médio,foco e concentração; concentracao e foco; foco concentração
13,20/10/2026,20h,Estresse,estresse emocional,5.000,Baixo,estresse emocional; estresse emocional; estresse emocional
14,21/10/2026,09h,Insônia / Sono,insonia o que fazer,5.000,Médio,o que fazer insonia; o que fazer na insonia; o que fazer para insônia
14,21/10/2026,12h,Memória,exercícios para memória,500,Alto,exercícios para memória; exercicios para memoria; exercícios para a memória
14,21/10/2026,20h,Solidão,isolamento social,5.000,Baixo,isolamento social; o isolamento social; oque é isolamento social
15,22/10/2026,09h,Ansiedade,exercícios para crise de ansiedade,500,Baixo,exercícios para crise de ansiedade
15,22/10/2026,12h,Autoestima,autoestima baixa,5.000,Baixo,autoestima baixa; oq é baixa autoestima; autoestima baixa o que é
15,22/10/2026,20h,Mindfulness,mindfulness e autocompaixão,500,Alto,autocompaixão e mindfulness; mindfulness autocompaixão; mindfulness e autocompaixao
16,23/10/2026,09h,Meditação,meditação mindfulness,5.000,Baixo,meditação e mindfulness; a meditação mindfulness; meditação de mindfulness
16,23/10/2026,12h,Qualidade de vida,trabalho sobre qualidade de vida,5.000,Baixo,sobre a qualidade de vida no trabalho; sobre qualidade de vida no trabalho; trabalho sobre qualidade de vida no trabalho
16,23/10/2026,20h,Inteligência emocional,resiliência emocional,5.000,Baixo,resiliência emocional; oq é resiliência emocional; a resiliência emocional
17,24/10/2026,09h,Estresse,sintomas de ansiedade e estresse,5.000,Baixo,sintomas de estresse e ansiedade; estresse ansiedade sintomas; estresse e ansiedade sintomas
17,24/10/2026,12h,Memória,como melhorar a memoria de curto prazo,500,Médio,como melhorar a memória de curto prazo; como melhorar memoria de curto prazo; memória de curto prazo como melhorar
17,24/10/2026,20h,Insônia / Sono,meditação guiada para dormir,5.000,Baixo,meditacao guiada dormir; meditacao guiada para dormir; dormir meditação guiada
18,25/10/2026,09h,Pânico,sindrome de panico,5.000,Baixo,
18,25/10/2026,12h,Estresse,estresse pos traumatico sintomas,5.000,Baixo,sintomas do estresse pos traumatico; estresse pos traumático sintomas; sintoma de estresse pos traumatico
18,25/10/2026,20h,Insônia / Sono,insonia o que fazer para dormir,5.000,Alto,o que fazer para dormir com insonia; o que fazer para dormir insonia
19,26/10/2026,09h,Memória,esquecimento frequente,500,Baixo,esquecimentos frequentes; esquecimento frequente; esquecimentos frequentes
19,26/10/2026,12h,Ansiedade,técnicas para crise de ansiedade,500,Médio,técnicas para crise de ansiedade
19,26/10/2026,20h,Inteligência emocional,regulação emocional,5.000,Baixo,regulação emocional; regulacao emocional; regulação emocional o que é
20,27/10/2026,09h,Qualidade de vida,hábitos saudáveis,5.000,Baixo,hábitos saudáveis; habitos saudaveis
20,27/10/2026,12h,Meditação,meditar e relaxar,5.000,Baixo,meditar para relaxar; meditar relaxar; para meditar e relaxar
20,27/10/2026,20h,Mindfulness,mindfulness psicologia,500,Baixo,mindfulness e psicologia; mindfulness na psicologia; psicologia e mindfulness
21,28/10/2026,09h,Autoestima,baixo auto estima,5.000,Baixo,auto estima baixo; auto estima em baixo; auto estima e baixo estima
21,28/10/2026,12h,Solidão,solidao e solitude,5.000,Baixo,solitude e solidao; solidao solitude; solitude solidao
21,28/10/2026,20h,Pânico,sindrome do panico tem cura,5.000,Baixo,
22,29/10/2026,09h,Estresse,estresse cronico sintomas,5.000,Baixo,sintomas estresse cronico; sintomas de estresse cronico
22,29/10/2026,12h,Memória,esquecimento frequente o que pode ser,500,Baixo,esquecimento frequente o que pode ser; esquecimentos frequentes o que pode ser; esquecimentos frequentes o que pode ser
22,29/10/2026,20h,Insônia / Sono,meditacao para dormir rapido,5.000,Baixo,dormir rapido meditacao
23,30/10/2026,09h,Relaxamento,respiração e relaxamento,500,Baixo,respiração e relaxamento; relaxamento respiração; respiração relaxamento
23,30/10/2026,12h,Foco e concentração,dificuldade de concentração,500,Baixo,dificuldade concentração; dificuldade em concentração
23,30/10/2026,20h,Autoestima,autoimagem,5.000,Baixo,autoimagem; autoimagem
24,31/10/2026,09h,Mindfulness,mindfulness para crianças,500,Alto,mindfulness para criancas; mindfulness criança
24,31/10/2026,12h,Meditação,meditacao e relaxamento,5.000,Baixo,meditacao relaxamento; relaxamento e meditacao; meditação de relaxamento
24,31/10/2026,20h,Qualidade de vida,ambiental qualidade de vida no trabalho,5.000,Baixo,
25,01/11/2026,09h,Inteligência emocional,saúde emocional,5.000,Baixo,saúde emocional; saude emocional; saude emocional o que é
25,01/11/2026,12h,Estresse,ansiedade e estresse,5.000,Baixo,ansiedade da estresse
25,01/11/2026,20h,Insônia / Sono,o que é bom para insonia,5.000,Alto,o que é bom para a insônia
26,02/11/2026,09h,Memória,esquecimento o que pode ser,500,Baixo,esquecimento o que pode ser; esquecimento pode ser o que; esquecimento pode ser o que
26,02/11/2026,12h,Ansiedade,e ansiedade,500,Baixo,
26,02/11/2026,20h,Pânico,crise de panico e crise de ansiedade,500,Baixo,crise de panico e crise de ansiedade; crise de ansiedade crise de panico
27,03/11/2026,09h,Estresse,o estresse pode causar,5.000,Baixo,estresse pode causar
27,03/11/2026,12h,Memória,esquecimento repentino,500,Baixo,esquecimentos repentinos; esquecimento repentino; esquecimentos repentinos
27,03/11/2026,20h,Insônia / Sono,o que fazer quando não conseguir dormir,5.000,Baixo,
28,04/11/2026,09h,Inteligência emocional,controleemocional,5.000,Baixo,controleemocional
28,04/11/2026,12h,Qualidade de vida,qualidade de vida do idoso,500,Baixo,qualidade de vida dos idosos; qualidade de vida para idosos; qualidade de vida idosos
28,04/11/2026,20h,Meditação,meditação para acalmar a mente,5.000,Baixo,meditacao acalmar a mente; acalmar a mente meditação; meditacao acalmar mente
29,05/11/2026,09h,Mindfulness,atenção plena audios,500,Baixo,audios atenção plena
29,05/11/2026,12h,Autoestima,auto estima auto confiança,500,Baixo,auto confiança e auto estima; auto estima confiança; auto estima e auto confiança
29,05/11/2026,20h,Relaxamento,técnicas de relaxamento,500,Baixo,técnicas de relaxamento; tecnicas de relaxamento; relaxamento tecnicas
30,06/11/2026,09h,Foco e concentração,falta de concentração,500,Baixo,falta de concentração; falta concentração
30,06/11/2026,12h,Solidão,solidão mata,500,Baixo,a solidão mata
30,06/11/2026,20h,Estresse,estresse crônico,5.000,Baixo,
31,07/11/2026,09h,Insônia / Sono,meditação e relaxamento para dormir,500,Baixo,meditação e relaxamento para dormir; meditacao relaxamento dormir; meditação de relaxamento para dormir
31,07/11/2026,12h,Memória,esquecimento repentino o que pode ser,500,Baixo,esquecimento repentino o que pode ser; esquecimentos repentinos o que pode ser; esquecimentos repentinos o que pode ser
31,07/11/2026,20h,Pânico,panico do medo,500,Baixo,panico e medo; panico medo
32,08/11/2026,09h,Ansiedade,meditação para acalmar a mente e ansiedade,500,Baixo,
32,08/11/2026,12h,Autoestima,auto estima baixa o que fazer,500,Médio,auto estima baixa oq fazer; baixa auto estima o que fazer
32,08/11/2026,20h,Mindfulness,atenção plena mindfulness,500,Alto,mindfulness atencao plena
33,09/11/2026,09h,Meditação,meditação para relaxar,5.000,Baixo,meditação para relaxar
33,09/11/2026,12h,Qualidade de vida,atividade física e qualidade de vida,500,Baixo,atividade fisica na qualidade de vida; atividade fisica qualidade de vida; qualidade de vida atividade fisica
33,09/11/2026,20h,Inteligência emocional,controle das emoções,500,Baixo,controle das emoções; controle das emocoes; controle das emoções
34,10/11/2026,09h,Estresse,stress ou estresse,5.000,Baixo,
34,10/11/2026,12h,Memória,exercicio para concentração e memoria,500,Alto,exercicios para memoria e concentração; exercicio de memoria e concentração; exercicios para a memoria e concentração
34,10/11/2026,20h,Insônia / Sono,meditacao para dormir e relaxar,500,Baixo,meditacao para relaxar e dormir; meditacao para dormir e relaxar; meditacao para relaxar e dormir
35,11/11/2026,09h,Pânico,sintomas da crise do panico,500,Baixo,sintomas crise do panico; sintomas de crise panico
35,11/11/2026,12h,Autoconhecimento,autoconhecimento,50.000,Baixo,
35,11/11/2026,20h,Estresse,estresse fisico sintomas,500,Baixo,estresse sintomas fisicos; sintomas fisicos de estresse; sintomas fisicos do estresse
36,12/11/2026,09h,Insônia / Sono,meditacao guiada para relaxar e dormir,500,Baixo,meditacao guiada para relaxar e dormir; meditação guiada para dormir e relaxar; meditação guiada para dormir relaxar
36,12/11/2026,12h,Memória,falta de concentração e esquecimento,500,Baixo,esquecimento e falta de concentração; falta de concentração esquecimento; esquecimento falta de concentração
36,12/11/2026,20h,Ansiedade,nervosismo e ansiedade,500,Baixo,
37,13/11/2026,09h,Inteligência emocional,controle suas emocoes,500,Médio,controle suas emocoes; controle suas emocoes; controle as suas emoções
37,13/11/2026,12h,Qualidade de vida,qualidade de vida na terceira idade,500,Baixo,qualidade de vida da terceira idade; qualidade de vida terceira idade; terceira idade e qualidade de vida
37,13/11/2026,20h,Meditação,atencao plena meditacao,500,Baixo,meditacao atencao plena; meditação plena atenção; meditacao da atencao plena
38,14/11/2026,09h,Mindfulness,cartas de mindfulness,500,Baixo,cartas mindfulness
38,14/11/2026,12h,Autoestima,autoconfiança e autoestima,500,Baixo,autoconfiança autoestima
38,14/11/2026,20h,Relaxamento,jacobson relaxamento,500,Baixo,relaxamento de jacobson; relaxamento jacobson; relaxamento de jacobson
39,15/11/2026,09h,Estresse,stress no trabalho,500,Baixo,stress e trabalho; stress trabalho; trabalho stress
39,15/11/2026,12h,Memória,problemas de esquecimento,500,Baixo,problemas de esquecimento; problemas com esquecimento; problemas com esquecimento
39,15/11/2026,20h,Insônia / Sono,qualidade do sono,500,Baixo,qualidade do sono; qualidade de sono; qualidade sono
40,16/11/2026,09h,Foco e concentração,concentração estudar,500,Baixo,estudar concentração
40,16/11/2026,12h,Solidão,solidao masculina,500,Baixo,
40,16/11/2026,20h,Pânico,sintomas de pânico,500,Baixo,sintomas de pânico; sintoma do pânico
41,17/11/2026,09h,Autoestima,auto estima baixo o que fazer,500,Médio,
41,17/11/2026,12h,Mindfulness,atencao plena para iniciantes,500,Alto,
41,17/11/2026,20h,Meditação,meditacao da noite,500,Baixo,meditacao noite; meditacao para noite; meditacao a noite
42,18/11/2026,09h,Qualidade de vida,bem estar saúde e qualidade de vida,500,Baixo,qualidade de vida saude e bem estar; saude bem estar e qualidade de vida; saude bem estar qualidade de vida
42,18/11/2026,12h,Estresse,causa do estresse,500,Baixo,causas estresse; estresse causa; estresse causas
42,18/11/2026,20h,Inteligência emocional,emocional abalado sintomas,500,Baixo,emocional abalado sintomas; sintomas de emocional abalado; sintomas do emocional abalado
43,19/11/2026,09h,Insônia / Sono,dificuldade em dormir a noite,500,Baixo,dificuldade para dormir a noite; dificuldade em dormir a noite; dificuldade para dormir a noite
43,19/11/2026,12h,Memória,como melhorar a memória e concentração,500,Alto,como melhorar a concentração e memória; como melhorar memória e concentração
43,19/11/2026,20h,Ansiedade,mindfulness ansiedade,50,Médio,ansiedade e mindfulness; ansiedade mindfulness; mindfulness e ansiedade
44,20/11/2026,09h,Estresse,estresse da tontura,500,Baixo,estresse dá tontura; estresse e tontura; estresse tontura
44,20/11/2026,12h,Pânico,ataque do pânico,500,Baixo,oque e ataque de panico
44,20/11/2026,20h,Memória,como ter memoria boa,500,Baixo,como ter a memoria boa
45,21/11/2026,09h,Insônia / Sono,meditacao guiada para dormir profundamente,500,Baixo,meditacao guiada para dormir profundamente; meditacao para dormir profundamente guiada; meditação guiada dormir profundamente
45,21/11/2026,12h,Inteligência emocional,controle emocional como ter,500,Médio,controle emocional como ter; controle emocional como ter; ter controle emocional
45,21/11/2026,20h,Qualidade de vida,habitos saudaveis na alimentação,500,Baixo,alimentação e habitos saudaveis; habitos saudaveis alimentação; alimentação habitos saudaveis
46,22/11/2026,09h,Meditação,meditacao guiada relaxamento,500,Baixo,relaxamento e meditação guiada; meditação relaxamento guiada; relaxamento meditação guiada
46,22/11/2026,12h,Mindfulness,mindfull,500,Baixo,
46,22/11/2026,20h,Autoestima,auto estima e autoconfiança,500,Baixo,
47,23/11/2026,09h,Foco e concentração,concentração nos estudos,500,Baixo,concentração para estudo
47,23/11/2026,12h,Solidão,idoso isolamento social,50,Baixo,isolamento social de idosos; isolamento social do idoso; isolamento social dos idosos
47,23/11/2026,20h,Estresse,estresse ocupacional,500,Baixo,estresse ocupacional; estresse ocupacional; estresse ocupacional
48,24/11/2026,09h,Insônia / Sono,meditacao para dormir profundamente,500,Baixo,meditação para dormir profundamente; meditacao para dormir profundamente; dormir profundamente meditação
48,24/11/2026,12h,Memória,esquecer as coisas,500,Baixo,esquecer as coisas
48,24/11/2026,20h,Ansiedade,meditação para acalmar a ansiedade,50,Baixo,meditação acalmar ansiedade; meditação para acalmar ansiedade
49,25/11/2026,09h,Relaxamento,técnicas de relaxamento psicologia,500,Baixo,psicologia tecnicas de relaxamento; tecnicas relaxamento psicologia; técnica de relaxamento psicologia
49,25/11/2026,12h,Pânico,causa da sindrome do panico,500,Baixo,oq causa sindrome do panico
49,25/11/2026,20h,Autoestima,auto estima elevado,500,Baixo,
50,26/11/2026,09h,Mindfulness,mindfulness em portugues,500,Baixo,
50,26/11/2026,12h,Meditação,meditação guiada para iniciantes,500,Baixo,meditação guiada iniciante; meditação iniciantes guiada; meditação para iniciantes guiada
50,26/11/2026,20h,Estresse,tratamento para estresse,500,Médio,tratamento do estresse; tratamento estresse; tratamento para o estresse
51,27/11/2026,09h,Inteligência emocional,controle emocional no trabalho,500,Médio,controle emocional no trabalho; controle emocional no trabalho; controle emocional no trabalho
51,27/11/2026,12h,Qualidade de vida,hábitos saudáveis e qualidade de vida,500,Baixo,qualidade de vida hábitos saudáveis; habitos saudaveis qualidade de vida; qualidade de vida e habitos saudaveis
51,27/11/2026,20h,Memória,esquecimento constante,500,Baixo,esquecimento constante
52,28/11/2026,09h,Insônia / Sono,meditação para crianca dormir,500,Baixo,meditação para crianças dormir; meditacao crianca dormir; meditacao para criancas dormir
52,28/11/2026,12h,Ansiedade,ansiedade e isolamento social,50,Baixo,ansiedade no isolamento social
52,28/11/2026,20h,Estresse,crise de estresse sintomas,500,Baixo,crise estresse sintomas; sintomas crise de estresse; sintomas de crise de estresse
53,29/11/2026,09h,Insônia / Sono,ansiedade insonia o que fazer,500,Médio,ansiedade e insonia o que fazer; insonia ansiedade o que fazer; insonia e ansiedade o que fazer
53,29/11/2026,12h,Memória,esquecimento constante o que pode ser,500,Baixo,esquecimento constante o que pode ser
53,29/11/2026,20h,Qualidade de vida,qualidade de vida no envelhecimento,500,Baixo,qualidade de vida no envelhecimento; envelhecimento e qualidade de vida; envelhecimento qualidade de vida
54,30/11/2026,09h,Inteligência emocional,estabilidade emocional,500,Baixo,estabilidade emocional; estabilidade emocional o que é; oq e estabilidade emocional
54,30/11/2026,12h,Meditação,meditação para iniciantes,500,Médio,meditação iniciantes; meditação para iniciantes; meditacao iniciante
54,30/11/2026,20h,Mindfulness,mindfulness no dia a dia,50,Médio,mindfulness dia a dia; mindfulness no dia a dia; mindfulness para o dia a dia
55,01/12/2026,09h,Autoestima,auto estima masculina,500,Baixo,
55,01/12/2026,12h,Pânico,como ajudar alguém com crise de panico,500,Baixo,como ajudar alguem em crise de panico
55,01/12/2026,20h,Relaxamento,relaxamento muscular progressivo,500,Baixo,relaxamento muscular progressivo; relaxamento progressivo muscular; relaxamento progressivo muscular
56,02/12/2026,09h,Estresse,sintomas de estresse emocional e ansiedade,500,Baixo,sintomas de estresse emocional e ansiedade; sintomas de estresse emocional e ansiedade; sintomas de estresse emocional e ansiedade
56,02/12/2026,12h,Solidão,isolamento de idosos,50,Baixo,isolamento do idoso; isolamento dos idosos; isolamento idoso
56,02/12/2026,20h,Memória,esquecimento de coisas recentes,500,Baixo,esquecimento de coisas recentes
57,03/12/2026,09h,Insônia / Sono,meditacao para sono profundo,500,Baixo,meditacao sono profundo; meditação do sono profundo; meditação para um sono profundo
57,03/12/2026,12h,Foco e concentração,falta de atenção e concentração,500,Médio,falta de concentração e atenção
57,03/12/2026,20h,Autocuidado,rotinas de autocuidado,500,Baixo,rotinas de autocuidado; autocuidado rotina; rotina autocuidado
58,04/12/2026,09h,Ansiedade,como lidar com pessoas que tem ansiedade,50,Médio,como lidar com a pessoa que tem ansiedade
58,04/12/2026,12h,Autoestima,auto estima baixa tratamento,50,Médio,baixa auto estima tratamento; tratamento baixa auto estima; tratamento para auto estima baixa
58,04/12/2026,20h,Mindfulness,técnica de relaxamento mindfulness,50,Médio,técnicas de relaxamento mindfulness; técnica de relaxamento mindfulness; técnicas de relaxamento mindfulness
59,05/12/2026,09h,Estresse,stress cronico sintomas,500,Baixo,stress crónico sintomas; sintomas de stress cronico; sintomas stress cronico
59,05/12/2026,12h,Inteligência emocional,bem estar emocional,500,Baixo,bem estar emocional; bem estar emocional
59,05/12/2026,20h,Qualidade de vida,alimentação saudável e qualidade de vida,500,Baixo,alimentação saudavel qualidade de vida; qualidade de vida alimentação saudavel; qualidade de vida e alimentação saudável
60,06/12/2026,09h,Insônia / Sono,dificuldade para dormir o que fazer,500,Médio,dificuldade para dormir o que fazer; dificuldade em dormir o que fazer; dificuldade em dormir o que fazer
60,06/12/2026,12h,Memória,exercícios para melhorar a memória,500,Alto,exercicio para melhorar memoria
60,06/12/2026,20h,Meditação,meditacao guiada para acalmar a mente,500,Baixo,meditacao guiada acalmar a mente; meditação guiada acalmar a mente
61,07/12/2026,09h,Pânico,sintomas de ansiedade e panico,500,Baixo,sintomas panico ansiedade
61,07/12/2026,12h,Estresse,ansiedade stress,500,Baixo,stress ansiedade; stress e ansiedade
61,07/12/2026,20h,Memória,memória fraca e falta de concentração,500,Médio,falta de concentração memoria fraca
62,08/12/2026,09h,Insônia / Sono,meditação para acalmar a mente e dormir,500,Baixo,meditação para dormir e acalmar a mente; meditação para acalmar a mente e dormir; meditação para dormir e acalmar a mente
62,08/12/2026,12h,Meditação,meditação mindfulness guiada,500,Baixo,meditação guiada mindfulness; mindfulness meditação guiada
62,08/12/2026,20h,Qualidade de vida,bem estar e qualidade de vida,500,Baixo,bem estar qualidade de vida; qualidade de vida bem estar; qualidade de vida e bem estar
63,09/12/2026,09h,Inteligência emocional,saúde emocional no trabalho,500,Médio,saúde emocional no trabalho; saúde emocional no trabalho
63,09/12/2026,12h,Mindfulness,compaixão mindfulness,50,Alto,mindfulness compaixão; mindfulness e compaixão
63,09/12/2026,20h,Autoestima,auto estima baixa no relacionamento,50,Baixo,auto estima baixa relacionamento; baixa auto estima no relacionamento; baixa auto estima relacionamento
64,10/12/2026,09h,Pânico,tratamento crise de panico,500,Baixo,tratamento para crise de panico
64,10/12/2026,12h,Ansiedade,controle emocional ansiedade,50,Alto,controle emocional ansiedade
64,10/12/2026,20h,Estresse,estresse agudo sintomas,500,Baixo,sintomas estresse agudo; sintomas de estresse agudo
65,11/12/2026,09h,Foco e concentração,falta de foco e concentração,500,Médio,falta de concentração e foco
65,11/12/2026,12h,Insônia / Sono,meditação para dormir ansiedade,500,Baixo,meditação ansiedade dormir; meditação para ansiedade para dormir; meditação para dormir e ansiedade
65,11/12/2026,20h,Memória,muito esquecimento o que pode ser,500,Baixo,muito esquecimento o que pode ser
66,12/12/2026,09h,Relaxamento,relaxamento muscular progressivo de jacobson,500,Baixo,relaxamento muscular progressivo de jacobson; relaxamento muscular progressivo jacobson; relaxamento muscular progressivo jacobson
66,12/12/2026,12h,Solidão,a solidão da vida,50,Baixo,solidão da vida; vida de solidão; vida solidão
66,12/12/2026,20h,Meditação,meditação para acalmar,500,Baixo,meditacao acalmar; meditacao para se acalmar
67,13/12/2026,09h,Autoestima,autoimagem psicologia,50,Baixo,psicologia autoimagem; autoimagem psicologia; psicologia autoimagem
67,13/12/2026,12h,Estresse,estresse físico,500,Baixo,estresse físico; estresse fisico
67,13/12/2026,20h,Inteligência emocional,tecnica de regulação emocional,500,Médio,tecnicas de regulação emocional; regulação emocional técnicas
68,14/12/2026,09h,Qualidade de vida,saúde mental e qualidade de vida,500,Baixo,qualidade de vida e saúde mental; qualidade de vida saude mental; saude mental qualidade de vida
68,14/12/2026,12h,Memória,esquecimento da memória,50,Baixo,esquecimento de memoria; esquecimento e memoria; esquecimento e memória
68,14/12/2026,20h,Insônia / Sono,meditação para dormir bem,500,Baixo,meditacao dormir bem; meditação para dormir bem; dormir bem meditação
69,15/12/2026,09h,Mindfulness,mindfulness depressao,50,Baixo,mindfulness e depressão; mindfulness para depressao
69,15/12/2026,12h,Pânico,crise de panico tem cura,500,Baixo,
69,15/12/2026,20h,Ansiedade,meditação guiada mindfulness ansiedade,50,Desconhecido,meditação mindfulness guiada para ansiedade
70,16/12/2026,09h,Estresse,estresse laboral,500,Baixo,estresse laboral; estresse laboral
70,16/12/2026,12h,Insônia / Sono,o que fazer para acabar com a insonia,500,Alto,o que fazer para acabar a insonia; o que fazer para acabar com insonia; o que fazer para acabar insonia
70,16/12/2026,20h,Memória,esquecimento memória fraca,50,Baixo,memoria fraca e esquecimento; memória fraca esquecimento; esquecimento memória fraca
71,17/12/2026,09h,Mindfulness,mindfulness e psicologia positiva,50,Alto,mindfulness psicologia positiva; psicologia positiva e mindfulness
71,17/12/2026,12h,Qualidade de vida,conceitos de qualidade de vida,500,Baixo,conceitos da qualidade de vida; qualidade de vida conceitos
71,17/12/2026,20h,Inteligência emocional,auto controle emocional,500,Médio,auto controle emocional
72,18/12/2026,09h,Meditação,meditacao para relaxar a mente,500,Baixo,meditação relaxar a mente
72,18/12/2026,12h,Autoestima,auto estima baixa psicologia,50,Baixo,baixa auto estima psicologia; psicologia baixa auto estima
72,18/12/2026,20h,Solidão,como lidar com isolamento social,50,Baixo,isolamento social como lidar
73,19/12/2026,09h,Estresse,estresse sintomas no corpo,500,Baixo,sintomas de estresse no corpo; sintomas no corpo de estresse
73,19/12/2026,12h,Relaxamento,relaxamento progressivo de jacobson,500,Baixo,relaxamento progressivo de jacobson; relaxamento progressivo jacobson; relaxamento progressivo jacobson
73,19/12/2026,20h,Memória,esquecimento momentaneo,50,Baixo,esquecimento momentâneo; esquecimentos momentaneos; esquecimento momentaneo
74,20/12/2026,09h,Insônia / Sono,raissa zoccal meditação para dormir,500,Baixo,meditação para dormir raissa zoccal; meditação raissa zoccal dormir; meditação raissa zoccal para dormir
74,20/12/2026,12h,Pânico,transtorno panico sintomas,500,Baixo,
74,20/12/2026,20h,Foco e concentração,falta de foco,500,Baixo,
75,21/12/2026,09h,Ansiedade,meditação para diminuir ansiedade,50,Médio,meditação para diminuir ansiedade
75,21/12/2026,12h,Mindfulness,mindfulness passo a passo,50,Médio,mindfulness passo a passo; passo a passo mindfulness
75,21/12/2026,20h,Estresse,sinais de estresse,500,Baixo,sinais do estresse; sinais estresse
76,22/12/2026,09h,Autoestima,autoconfiança como ter,50,Baixo,ter autoconfiança; ter mais autoconfiança
76,22/12/2026,12h,Inteligência emocional,autocontrole emocional,500,Baixo,autocontrole emocional
76,22/12/2026,20h,Qualidade de vida,qvt qualidade de vida no trabalho,500,Baixo,qualidade de vida no trabalho qvt; a qualidade de vida no trabalho qvt
77,23/12/2026,09h,Insônia / Sono,relaxamento guiado para dormir,500,Baixo,relaxamento guiado para dormir; relaxamento para dormir guiado; relaxamento para dormir guiado
77,23/12/2026,12h,Memória,exercicios de memoria online,50,Alto,exercicios para memoria online; exercícios de memória online; exercícios para a memória online
77,23/12/2026,20h,Meditação,meditação guiada para relaxar,500,Baixo,meditaçao guiada para relaxar
78,24/12/2026,09h,Pânico,tratamento para panico e ansiedade,500,Médio,
78,24/12/2026,12h,Estresse,sinais de estresse no corpo,500,Baixo,sinais do estresse no corpo; sinais no corpo de estresse
78,24/12/2026,20h,Memória,desatenção e esquecimento,50,Baixo,esquecimento e desatenção; desatenção e esquecimento; esquecimento e desatenção
79,25/12/2026,09h,Insônia / Sono,estresse e sono,500,Baixo,sono estresse
79,25/12/2026,12h,Meditação,meditação guiada relaxamento e cura,500,Baixo,meditação guiada de cura e relaxamento
79,25/12/2026,20h,Qualidade de vida,atividade qualidade de vida,500,Baixo,qualidade de vida atividade
80,26/12/2026,09h,Inteligência emocional,consciência emocional,500,Baixo,consciência emocional
80,26/12/2026,12h,Autoestima,como melhorar autoconfiança,50,Médio,melhorar a autoconfiança; melhorar autoconfiança
80,26/12/2026,20h,Mindfulness,relaxamento mindfulness,50,Baixo,mindfulness relaxamento; relaxamento mindfulness
81,27/12/2026,09h,Ansiedade,relaxamento guiado ansiedade,50,Desconhecido,relaxamento guiado para ansiedade
81,27/12/2026,12h,Foco e concentração,falta de foco e concentração o que pode ser,500,Baixo,
81,27/12/2026,20h,Estresse,sintomas de estresse excessivo,500,Baixo,estresse excessivo sintomas; sintomas estresse excessivo
82,28/12/2026,09h,Relaxamento,relaxamento progressivo,500,Baixo,relaxamento progressivo
82,28/12/2026,12h,Insônia / Sono,meditacao antes de dormir,500,Baixo,meditação para antes de dormir
82,28/12/2026,20h,Memória,esquecer as coisas com frequência,50,Baixo,esquecer coisas com frequência; esquecer as coisas com frequência; esquecer coisas com frequência
83,29/12/2026,09h,Solidão,como lidar com solidão,50,Baixo,solidão como lidar
83,29/12/2026,12h,Pânico,como lidar com a crise de panico,50,Médio,como lidar com crise de panico; crise de panico como lidar
83,29/12/2026,20h,Meditação,meditação para relaxar corpo e mente,500,Baixo,meditação relaxar corpo e mente
84,30/12/2026,09h,Estresse,cansaço estresse,500,Baixo,estresse cansaço
84,30/12/2026,12h,Mindfulness,tecnica atenção plena,50,Baixo,tecnica de atenção plena; técnica da atenção plena
84,30/12/2026,20h,Autoestima,adquirir autoconfiança,50,Desconhecido,autoconfiança como adquirir
85,31/12/2026,09h,Inteligência emocional,estabilidade emocional significado,500,Baixo,significado de estabilidade emocional
85,31/12/2026,12h,Memória,esquecer as palavras,50,Baixo,esquecer palavras; esquecer as palavras; esquecer palavras
85,31/12/2026,20h,Insônia / Sono,meditacao guiada para dormir rapido,500,Baixo,meditação guiada dormir rapido
86,01/01/2027,09h,Qualidade de vida,habitos saudaveis diarios,500,Baixo,hábitos saudáveis diários
86,01/01/2027,12h,Ansiedade,tecnicas para acalmar crise de ansiedade,50,Médio,tecnicas para se acalmar em crise de ansiedade
86,01/01/2027,20h,Pânico,como lidar com a sindrome do panico,50,Médio,como lidar com sindrome do panico
87,02/01/2027,09h,Estresse,crise de estresse,500,Baixo,crise estresse
87,02/01/2027,12h,Insônia / Sono,meditacao infantil para dormir,500,Baixo,meditacao infantil dormir
87,02/01/2027,20h,Memória,esquecer memoria recente,50,Baixo,esquecer memorias recentes; esquecer memoria recente; esquecer memorias recentes
88,03/01/2027,09h,Qualidade de vida,saude alimentação e qualidade de vida,500,Baixo,alimentação saúde e qualidade de vida
88,03/01/2027,12h,Inteligência emocional,necessidades emocionais,500,Baixo,necessidades emocionais
88,03/01/2027,20h,Autoestima,aumentar a auto confiança,50,Desconhecido,aumentar auto confiança
89,04/01/2027,09h,Mindfulness,aceitação mindfulness,50,Baixo,mindfulness aceitação
89,04/01/2027,12h,Meditação,meditacao ativa,500,Baixo,
89,04/01/2027,20h,Solidão,psicologia solidao,50,Baixo,solidao psicologia
90,05/01/2027,09h,Foco e concentração,foco estudo,500,Baixo,
90,05/01/2027,12h,Estresse,estresse alto,500,Baixo,alto estresse
90,05/01/2027,20h,Relaxamento,respiracao para relaxar,500,Baixo,respiracao para relaxar
91,06/01/2027,09h,Memória,esquecimento de memoria recente,50,Baixo,esquecimento memoria recente; esquecimento de memoria recente; esquecimento memoria recente
91,06/01/2027,12h,Insônia / Sono,o que fazer para dormir quando esta com insonia,500,Médio,o que fazer para dormir quando se está com insônia
91,06/01/2027,20h,Pânico,panico ataque sintomas,50,Baixo,sintomas ataque do panico
92,07/01/2027,09h,Ansiedade,tecnicas para relaxar a ansiedade,50,Alto,tecnicas para relaxar ansiedade
92,07/01/2027,12h,Estresse,estresse causa dor no estômago,500,Baixo,estresse causa dor de estômago
92,07/01/2027,20h,Qualidade de vida,20 hábitos saudáveis,500,Baixo,
93,08/01/2027,09h,Meditação,meditacao dormindo,500,Baixo,
93,08/01/2027,12h,Mindfulness,atencao plena mark williams,50,Médio,mark williams atenção plena
93,08/01/2027,20h,Insônia / Sono,o que fazer quando esta com insonia,500,Médio,o que fazer quando se esta com insonia
94,09/01/2027,09h,Memória,esquecimento frequente em jovens,50,Baixo,esquecimentos frequentes em jovens; esquecimento frequente em jovens; esquecimentos frequentes em jovens
94,09/01/2027,12h,Autoestima,aumentar a autoconfiança,50,Baixo,aumentar autoconfiança
94,09/01/2027,20h,Inteligência emocional,saude emocional e mental,500,Baixo,saude mental e saude emocional
95,10/01/2027,09h,Estresse,estresse da coçeira no corpo,500,Baixo,estresse da coçeira no corpo
95,10/01/2027,12h,Memória,esquecimento psicologia,50,Baixo,o esquecimento psicologia; esquecimento psicologia; o esquecimento psicologia
95,10/01/2027,20h,Insônia / Sono,o que fazer quando tem insonia,500,Médio,o que fazer quando se tem insonia
96,11/01/2027,09h,Pânico,panico da falta de ar,50,Baixo,panico falta de ar
96,11/01/2027,12h,Relaxamento,relaxamento guiado,500,Baixo,
96,11/01/2027,20h,Inteligência emocional,sinais de esgotamento emocional,500,Baixo,sinais esgotamento emocional
97,12/01/2027,09h,Autoestima,auto confiança como ter,50,Desconhecido,ter auto confiança
97,12/01/2027,12h,Mindfulness,atenção plena como praticar,50,Alto,praticar atenção plena
97,12/01/2027,20h,Qualidade de vida,30 hábitos saudáveis,500,Baixo,
98,13/01/2027,09h,Meditação,meditação e chakras,500,Baixo,
98,13/01/2027,12h,Ansiedade,ansiedade e medos irracionais,50,Baixo,
98,13/01/2027,20h,Estresse,estresse e ansiedade emagrece,500,Baixo,ansiedade e estresse emagrece
99,14/01/2027,09h,Foco e concentração,dificuldade de concentrar,50,Baixo,dificuldade em concentrar; dificuldade para concentrar
99,14/01/2027,12h,Solidão,sobre a solidao,50,Baixo,sobre solidao
99,14/01/2027,20h,Insônia / Sono,meditacao para dormir rapido e profundamente,500,Baixo,
100,15/01/2027,09h,Memória,esquecimento rapido,50,Baixo,esquecimentos rapidos; esquecimento rapido; esquecimentos rapidos
100,15/01/2027,12h,Autocuidado,autocuidado emocional,500,Baixo,autocuidado emocional
100,15/01/2027,20h,Pânico,pânico noturno sintomas,50,Baixo,sintomas de panico noturno
101,16/01/2027,09h,Estresse,estresse emagrece ou engorda,500,Baixo,estresse engorda ou emagrece
101,16/01/2027,12h,Autoestima,auto estima baixa com o corpo,50,Baixo,baixa auto estima com o corpo
101,16/01/2027,20h,Inteligência emocional,sintomas de nervosismo emocional,500,Baixo,sintomas de nervosismo emocional
102,17/01/2027,09h,Meditação,meditação gassho,500,Baixo,
102,17/01/2027,12h,Memória,falta concentração memória,50,Baixo,falta de concentracao e memoria; falta de concentração e memória; falta de memoria e concentração
102,17/01/2027,20h,Insônia / Sono,meditação para dormir profundo,500,Baixo,
103,18/01/2027,09h,Qualidade de vida,atividade sobre qualidade de vida,500,Baixo,
103,18/01/2027,12h,Mindfulness,atenção plena no trabalho,50,Baixo,atenção plena no trabalho
103,18/01/2027,20h,Ansiedade,ansiedade e pele,50,Baixo,
104,19/01/2027,09h,Estresse,estresse emocional como tratar,500,Médio,estresse emocional como tratar
104,19/01/2027,12h,Insônia / Sono,o que fazer quando estiver com insonia,500,Baixo,
104,19/01/2027,20h,Memória,como aumentar minha memoria,50,Baixo,como aumentar sua memoria; como aumentar sua memória
105,20/01/2027,09h,Solidão,solidão no trabalho,50,Baixo,solidão no trabalho
105,20/01/2027,12h,Mindfulness,atenção plena psicologia,50,Baixo,psicologia da atenção plena
105,20/01/2027,20h,Qualidade de vida,centro de qualidade de vida,500,Baixo,
106,21/01/2027,09h,Meditação,meditação guiada 10 min,500,Baixo,
106,21/01/2027,12h,Inteligência emocional,sintomas de nervoso emocional,500,Baixo,sintomas de nervoso emocional
106,21/01/2027,20h,Autoestima,auto estima baixa como melhorar,50,Baixo,baixa auto estima como melhorar
107,22/01/2027,09h,Pânico,sindrome do panico e falta de ar,50,Desconhecido,síndrome do pânico dá falta de ar
107,22/01/2027,12h,Estresse,muito estresse o que pode causar,500,Baixo,muito estresse pode causar
107,22/01/2027,20h,Foco e concentração,estudar foco,50,Baixo,foco estudar; foco para estudar
108,23/01/2027,09h,Memória,como estimular a memoria,50,Médio,como estimular a memória; memoria como estimular
108,23/01/2027,12h,Insônia / Sono,meditação chuva para dormir,50,Baixo,meditação com chuva para dormir; meditação de chuva para dormir; meditação para dormir chuva
108,23/01/2027,20h,Relaxamento,relaxante muscular baixa a pressão,500,Baixo,
109,24/01/2027,09h,Ansiedade,ansiedade e pensamentos acelerados,50,Baixo,
109,24/01/2027,12h,Estresse,sintomas de estresse e ansiedade no corpo,500,Baixo,sintomas de ansiedade e estresse no corpo
109,24/01/2027,20h,Qualidade de vida,envelhecer com qualidade de vida,500,Baixo,
110,25/01/2027,09h,Mindfulness,luiza bittencourt mindfulness,50,Baixo,mindfulness luiza bittencourt
110,25/01/2027,12h,Autoestima,auto estima e psicanalise,50,Médio,auto estima psicanalise
110,25/01/2027,20h,Insônia / Sono,meditacao do sono,50,Baixo,meditacao e sono; meditacao para o sono; meditacao para sono
111,26/01/2027,09h,Memória,como fortalecer a memoria,50,Médio,como fortalecer a memória; como fortalecer minha memoria
111,26/01/2027,12h,Inteligência emocional,tensao emocional,500,Baixo,tensao emocional
111,26/01/2027,20h,Meditação,meditação guiada 15 min,500,Baixo,
112,27/01/2027,09h,Pânico,sintomas da síndrome do pânico e ansiedade,50,Baixo,sintomas de síndrome do pânico é ansiedade
112,27/01/2027,12h,Estresse,trabalho sobre stress,500,Baixo,trabalho sobre stress
112,27/01/2027,20h,Memória,como melhorar a atenção e memoria,50,Médio,como melhorar a memoria e atenção; como melhorar atenção e memoria
113,28/01/2027,09h,Insônia / Sono,dificuldade de manter o sono,50,Médio,dificuldade em manter o sono; dificuldade para manter o sono; dificuldade de manter o sono
113,28/01/2027,12h,Ansiedade,ansiedade e problemas de pele,50,Baixo,
113,28/01/2027,20h,Foco e concentração,aumentar a concentração nos estudos,50,Alto,aumentar concentração nos estudos
114,29/01/2027,09h,Meditação,meditação guiada para relaxar corpo e mente,500,Baixo,
114,29/01/2027,12h,Inteligência emocional,tensão muscular emocional sintomas,500,Baixo,tensão muscular emocional sintomas
114,29/01/2027,20h,Autoestima,autoconfiança como desenvolver,50,Médio,desenvolver a autoconfiança
115,30/01/2027,09h,Mindfulness,marco abud mindfulness,50,Desconhecido,mindfulness marco abud
115,30/01/2027,12h,Qualidade de vida,habitos saudaveis alimentares,500,Baixo,
115,30/01/2027,20h,Pânico,transtorno de pânico tem cura,50,Baixo,transtorno do panico tem cura
116,31/01/2027,09h,Estresse,estresse agudo,500,Baixo,
116,31/01/2027,12h,Relaxamento,exercicio de relaxamento respiração,50,Baixo,exercicios de respiração para relaxamento; exercicios de respiração relaxamento; exercícios de respiração e relaxamento
116,31/01/2027,20h,Insônia / Sono,dificuldade de pegar no sono,50,Baixo,dificuldade em pegar no sono; dificuldade para pegar no sono; dificuldade de pegar no sono
117,01/02/2027,09h,Memória,como melhorar a memoria fotografica,50,Baixo,como melhorar memoria fotografica; como melhorar sua memoria fotografica
117,01/02/2027,12h,Solidão,a solidao da mulher inteligente,50,Desconhecido,
117,01/02/2027,20h,Estresse,estresse causa azia,500,Baixo,
118,02/02/2027,09h,Inteligência emocional,clínica assista saúde emocional,500,Baixo,
118,02/02/2027,12h,Meditação,meditação music,500,Baixo,
118,02/02/2027,20h,Qualidade de vida,habitos saudaveis de vida,500,Baixo,
119,03/02/2027,09h,Mindfulness,mente aberta mindfulness,50,Baixo,mindfulness mente aberta
119,03/02/2027,12h,Memória,atividades para trabalhar a memoria,50,Baixo,atividades para trabalhar memoria
119,03/02/2027,20h,Insônia / Sono,meditar para relaxar e dormir,50,Desconhecido,meditar relaxar e dormir; relaxar dormir meditar; meditar para relaxar e dormir
120,04/02/2027,09h,Autoestima,autoconfiança no trabalho,50,Baixo,autoconfiança no trabalho
120,04/02/2027,12h,Ansiedade,ansiedade e qualidade de vida,50,Baixo,
120,04/02/2027,20h,Pânico,ansiedade depressão e síndrome do pânico,50,Baixo,
121,05/02/2027,09h,Estresse,estresse causa diarreia,500,Baixo,
121,05/02/2027,12h,Insônia / Sono,qualidade do sono e qualidade de vida,50,,qualidade de vida e sono; qualidade de vida sono; qualidade do sono e qualidade de vida
121,05/02/2027,20h,Memória,cabeça aérea e esquecimento,50,Baixo,cabeça aérea e esquecimento
122,06/02/2027,09h,Relaxamento,relaxamento muscular de jacobson,50,Baixo,relaxamento muscular jacobson; relaxamento muscular jacobson
122,06/02/2027,12h,Solidão,casos de isolamento social,50,Baixo,
122,06/02/2027,20h,Autoestima,autoconfiança psicologia,50,Baixo,psicologia autoconfiança
123,07/02/2027,09h,Mindfulness,mindfulness concentração,50,Médio,mindfulness para concentração
123,07/02/2027,12h,Qualidade de vida,envelhecimento saudável e qualidade de vida,50,Baixo,envelhecimento saudavel e qualidade de vida; envelhecimento saudável e qualidade de vida; envelhecimento saudavel e qualidade de vida
123,07/02/2027,20h,Meditação,meditação para criancas,500,Baixo,
124,08/02/2027,09h,Inteligência emocional,febre pode ser emocional,500,Baixo,
124,08/02/2027,12h,Estresse,estresse causa enjoo,500,Baixo,
124,08/02/2027,20h,Foco e concentração,aumentar concentração e foco,50,Alto,aumentar foco e concentração
125,09/02/2027,09h,Memória,cabeça esquecida,50,Baixo,cabeça esquecida
125,09/02/2027,12h,Insônia / Sono,meditação para dormir melhor,50,Baixo,a melhor meditação para dormir; dormir é a melhor meditação; meditação para dormir melhor
125,09/02/2027,20h,Pânico,ansiedade e panico tem cura,50,Baixo,
126,10/02/2027,09h,Ansiedade,ansiedade em jovens,50,Baixo,
126,10/02/2027,12h,Estresse,estresse causa labirintite,500,Baixo,
126,10/02/2027,20h,Autoestima,autoestima baixa na adolescencia,50,Desconhecido,baixa autoestima adolescencia
127,11/02/2027,09h,Inteligência emocional,regulacao emocional em psicoterapia,500,Alto,
127,11/02/2027,12h,Meditação,meditação zen,500,Baixo,
127,11/02/2027,20h,Insônia / Sono,dificuldade de respirar ao dormir,50,Baixo,dificuldade para dormir e respirar; dificuldade de respirar ao dormir; dificuldade para dormir e respirar
128,12/02/2027,09h,Memória,cabeça ruim esquecimento,50,Baixo,cabeça ruim esquecimento
128,12/02/2027,12h,Qualidade de vida,alimentação e qualidade de vida,50,Baixo,alimentação qualidade de vida; qualidade de vida alimentação; qualidade de vida e alimentação
128,12/02/2027,20h,Mindfulness,mindfulness educação infantil,50,Médio,mindfulness na educação infantil
129,13/02/2027,09h,Pânico,ansiedade panico e depressao,50,Baixo,
129,13/02/2027,12h,Estresse,estresse causa pressão alta,500,Baixo,
129,13/02/2027,20h,Ansiedade,ansiedade emagrece ou engorda,50,Baixo,
130,14/02/2027,09h,Memória,como melhorar a memoria de longo prazo,50,Baixo,como melhorar a memória de longo prazo
130,14/02/2027,12h,Insônia / Sono,ho oponopono meditação para dormir,50,Baixo,meditacao ho oponopono para dormir; meditacao para dormir ho oponopono; meditação ho oponopono para dormir
130,14/02/2027,20h,Foco e concentração,causas da falta de concentração,50,Baixo,falta de concentração causas
131,15/02/2027,09h,Solidão,causas de isolamento social,50,Baixo,
131,15/02/2027,12h,Mindfulness,mindfulness em porto alegre,50,Médio,mindfulness porto alegre
131,15/02/2027,20h,Qualidade de vida,empresa de qualidade de vida,50,Baixo,empresa qualidade de vida; qualidade de vida empresa; qualidade de vida na empresa
132,16/02/2027,09h,Meditação,meditação tecnicas iniciantes,50,Médio,tecnicas de meditacao iniciante; tecnicas de meditaçao para iniciantes; tecnicas para meditação iniciantes
132,16/02/2027,12h,Inteligência emocional,regulação emocional infantil,500,Médio,
132,16/02/2027,20h,Autoestima,autoestima baixa psicologia,50,Alto,baixa autoestima psicologia
133,17/02/2027,09h,Estresse,estresse causa tontura,500,Baixo,
133,17/02/2027,12h,Relaxamento,tecnica de relaxamento jacobson,50,Baixo,tecnicas de relaxamento jacobson; técnica de relaxamento de jacobson
133,17/02/2027,20h,Insônia / Sono,insonia meditação,50,Baixo,meditacao insonia; meditacao para insonia; meditação para insonia
134,18/02/2027,09h,Memória,como melhorar a memoria nos estudos,50,Médio,como melhorar minha memoria nos estudos
134,18/02/2027,12h,Pânico,ataque de panico e ataque de ansiedade,50,Baixo,
134,18/02/2027,20h,Estresse,estresse constante,500,Baixo,
135,19/02/2027,09h,Qualidade de vida,atividade fisica saude e qualidade de vida,50,Baixo,qualidade de vida saude e atividade fisica; saude atividade fisica e qualidade de vida; saude qualidade de vida e atividade fisica
135,19/02/2027,12h,Mindfulness,mindfulness nas empresas,50,Médio,mindfulness em empresas
135,19/02/2027,20h,Autoestima,autoestima como esta a sua,50,Alto,autoestima como está a sua
136,20/02/2027,09h,Inteligência emocional,saude emocional da mulher,500,Baixo,
136,20/02/2027,12h,Memória,como melhorar a memória de trabalho,50,Alto,memória de trabalho como melhorar
136,20/02/2027,20h,Insônia / Sono,louise meditação para dormir,50,Baixo,meditacao louise para dormir; meditação para dormir com louise; meditação para dormir louise
137,21/02/2027,09h,Meditação,meditação com sons da natureza,50,Baixo,meditação sons da natureza; sons da natureza meditação; sons da natureza para meditação
137,21/02/2027,12h,Ansiedade,ansiedade no dia a dia,50,Baixo,
137,21/02/2027,20h,Estresse,estresse crônico tem cura,500,Baixo,
138,22/02/2027,09h,Pânico,ataque de panico ou ataque cardiaco,50,Baixo,
138,22/02/2027,12h,Insônia / Sono,meditacao para acalmar e dormir,50,Baixo,meditação para dormir e acalmar; meditacao para acalmar e dormir; meditação para dormir e acalmar
138,22/02/2027,20h,Memória,como melhorar a memória humana,50,Alto,memoria humana como melhorar
139,23/02/2027,09h,Relaxamento,tecnica de relaxamento mental,50,Baixo,tecnicas de relaxamento mental; tecnicas para relaxamento mental
139,23/02/2027,12h,Foco e concentração,concentração e foco nos estudos,50,Alto,foco e concentração nos estudos
139,23/02/2027,20h,Meditação,dicas de meditação para iniciantes,50,Médio,dicas meditação iniciantes; dicas para meditação iniciantes; meditação dicas para iniciantes
140,24/02/2027,09h,Inteligência emocional,sentir espaço de saúde emocional,500,Baixo,
140,24/02/2027,12h,Autoestima,autoimagem corporal,50,Baixo,autoimagem corporal
140,24/02/2027,20h,Mindfulness,mindfulness para relaxar,50,Baixo,mindfulness para relaxar
141,25/02/2027,09h,Qualidade de vida,bem estar com a vida,50,Baixo,bem estar de vida; bem estar vida; vida e bem estar
141,25/02/2027,12h,Estresse,estresse crônico tratamento,500,Médio,
141,25/02/2027,20h,Solidão,convivendo com a solidão,50,Baixo,
142,26/02/2027,09h,Memória,como melhorar a nossa memoria,50,Alto,como melhorar nossa memoria
142,26/02/2027,12h,Insônia / Sono,meditacao para dormir relaxamento profundo,50,Desconhecido,meditacao relaxamento profundo para dormir; meditacao para dormir relaxamento profundo; meditacao relaxamento profundo para dormir
142,26/02/2027,20h,Ansiedade,ansiedade passo a passo,50,Baixo,
143,27/02/2027,09h,Pânico,ataque de panico tremedeira,50,Baixo,
143,27/02/2027,12h,Autocuidado,autocuidado físico,500,Baixo,
143,27/02/2027,20h,Estresse,estresse da febre,500,Baixo,
144,28/02/2027,09h,Meditação,meditacao relaxamento profundo,50,Baixo,meditação de relaxamento profundo; meditação e relaxamento profundo; meditação para relaxamento profundo
144,28/02/2027,12h,Qualidade de vida,empresa com qualidade de vida no trabalho,50,Desconhecido,empresas qualidade de vida no trabalho; qualidade de vida no trabalho empresas; qualidade de vida no trabalho nas empresas
144,28/02/2027,20h,Insônia / Sono,meditação para dormir barulho de chuva,50,Baixo,meditação para dormir com barulho de chuva; meditação para dormir barulho de chuva; meditação para dormir com barulho de chuva
145,01/03/2027,09h,Memória,como melhorar esquecimento,50,Médio,como melhorar o esquecimento
145,01/03/2027,12h,Mindfulness,mindfulness sao paulo,50,Alto,mindfulness são paulo
145,01/03/2027,20h,Autoestima,autoimagem distorcida,50,Baixo,autoimagem distorcida
146,02/03/2027,09h,Inteligência emocional,solidao emocional,500,Baixo,
146,02/03/2027,12h,Estresse,estresse diarreia,500,Baixo,
146,02/03/2027,20h,Ansiedade,atividades para crise de ansiedade,50,Médio,
147,03/03/2027,09h,Memória,como turbinar a memoria,50,Alto,como turbinar sua memoria
147,03/03/2027,12h,Insônia / Sono,meditação para dormir e relaxar a mente,50,Baixo,meditação para relaxar a mente e dormir; meditação para dormir e relaxar a mente; meditação para relaxar a mente e dormir
147,03/03/2027,20h,Pânico,como conviver com a sindrome do panico,50,Desconhecido,
148,04/03/2027,09h,Solidão,definição de isolamento social,50,Baixo,
148,04/03/2027,12h,Relaxamento,tecnica de relaxamento muscular,50,Baixo,tecnicas de relaxamento muscular; tecnicas relaxamento muscular
148,04/03/2027,20h,Inteligência emocional,equilibrio emocional como ter,50,Desconhecido,equilíbrio emocional como ter; ter equilibrio emocional; ter equilíbrio emocional
149,05/03/2027,09h,Autoestima,autoimagem exemplos,50,Baixo,autoimagem exemplos
149,05/03/2027,12h,Mindfulness,mindfulness scielo,50,Baixo,scielo mindfulness
149,05/03/2027,20h,Qualidade de vida,hábitos saudáveis no dia a dia,50,Baixo,habitos saudaveis do dia a dia; habitos saudaveis no dia a dia; habitos saudáveis para o dia a dia
150,06/03/2027,09h,Meditação,meditação cura enquanto dorme,50,Baixo,meditação de cura enquanto dorme; meditação para cura enquanto dorme; meditação que cura enquanto dorme
150,06/03/2027,12h,Estresse,estresse engorda,500,Baixo,
150,06/03/2027,20h,Foco e concentração,dificuldade de atenção e concentração,50,Baixo,dificuldade de concentração e atenção
151,07/03/2027,09h,Insônia / Sono,meditação para dormir e relaxar profundamente,50,Baixo,meditação para relaxar e dormir profundamente; meditação para dormir e relaxar profundamente; meditação para relaxar e dormir profundamente
151,07/03/2027,12h,Memória,esquece as coisas com facilidade,50,Baixo,esquece as coisas com facilidade
151,07/03/2027,20h,Estresse,estresse pode causar febre,500,Baixo,
152,08/03/2027,09h,Ansiedade,como conviver com alguem com ansiedade,50,Baixo,
152,08/03/2027,12h,Pânico,como lidar com alguem com sindrome do panico,50,Baixo,
152,08/03/2027,20h,Mindfulness,mindfulness spotify,50,Baixo,spotify mindfulness
153,09/03/2027,09h,Autoestima,autoimagem negativa,50,Baixo,autoimagem negativa
153,09/03/2027,12h,Memória,esquecendo as coisas,50,Baixo,esquecendo as coisas
153,09/03/2027,20h,Insônia / Sono,meditação para dormir yoga mudra,50,Baixo,meditação yoga mudra dormir; meditação yoga mudra para dormir; yoga mudra meditação para dormir
154,10/03/2027,09h,Inteligência emocional,controle e inteligência emocional,50,Baixo,controle emocional e inteligência emocional; inteligencia e controle emocional; controle e inteligência emocional
154,10/03/2027,12h,Meditação,técnicas de meditação e relaxamento,50,Baixo,técnicas de relaxamento e meditação; técnicas de meditação e relaxamento; técnicas de relaxamento e meditação
154,10/03/2027,20h,Qualidade de vida,psicologia e qualidade de vida,50,Baixo,psicologia qualidade de vida; qualidade de vida e psicologia; qualidade de vida psicologia
155,11/03/2027,09h,Estresse,estresse pode causar pressão alta,500,Baixo,
155,11/03/2027,12h,Insônia / Sono,tecnica de relaxamento para dormir,50,Baixo,tecnica relaxamento para dormir; tecnicas de relaxamento para dormir; tecnicas relaxamento para dormir
155,11/03/2027,20h,Memória,esquecendo as coisas com facilidade,50,Baixo,esquecendo as coisas com facilidade
156,12/03/2027,09h,Foco e concentração,distração excessiva,50,Baixo,distração excessiva
156,12/03/2027,12h,Solidão,ea solidão,50,Baixo,
156,12/03/2027,20h,Relaxamento,exercicios respiratorios para relaxamento,50,Baixo,exercicios respiratorios relaxamento
157,13/03/2027,09h,Qualidade de vida,saúde e qualidade de vida no trabalho,50,Baixo,qualidade de vida e saude no trabalho; saúde no trabalho e qualidade de vida; trabalho saúde e qualidade de vida
157,13/03/2027,12h,Meditação,boa noite meditação,50,Baixo,meditação boa noite; meditação de boa noite
157,13/03/2027,20h,Inteligência emocional,controle emocional como desenvolver,50,Alto,desenvolver controle emocional; controle emocional como desenvolver; desenvolver controle emocional
158,14/03/2027,09h,Autoestima,autoimagem pablo marçal,50,Desconhecido,autoimagem pablo marçal
158,14/03/2027,12h,Mindfulness,prática da atenção plena,50,Médio,prática de atenção plena
158,14/03/2027,20h,Pânico,como lidar com ataques de panico,50,Médio,
159,15/03/2027,09h,Estresse,estresse pode causar tontura,500,Baixo,
159,15/03/2027,12h,Memória,esquecendo muito as coisas,50,Baixo,esquecendo muito as coisas
159,15/03/2027,20h,Insônia / Sono,diniz vieira meditação para dormir,50,Baixo,meditação diniz vieira para dormir; meditação para dormir diniz vieira
160,16/03/2027,09h,Ansiedade,como conviver com pessoas com ansiedade,50,Baixo,
160,16/03/2027,12h,Estresse,estresse pos traumatico tem cura,500,Baixo,
160,16/03/2027,20h,Inteligência emocional,saúde emocional e qualidade de vida,50,Baixo,qualidade de vida saude emocional; saude emocional e qualidade de vida; qualidade de vida saude emocional
161,17/03/2027,09h,Meditação,esvaziar a mente meditação,50,Baixo,meditação esvaziar a mente; meditação para esvaziar a mente
161,17/03/2027,12h,Qualidade de vida,bem estar e qualidade de vida no trabalho,50,Baixo,bem estar no trabalho qualidade de vida; qualidade de vida e bem estar no trabalho
161,17/03/2027,20h,Insônia / Sono,dormir e meditar,50,Desconhecido,meditar e dormir; para meditar e dormir
162,18/03/2027,09h,Memória,esquecer as coisas do nada,50,Baixo,esquecer as coisas do nada
162,18/03/2027,12h,Mindfulness,andries kroese mindfulness,50,Desconhecido,
162,18/03/2027,20h,Autoestima,autoimagem positiva,50,Baixo,autoimagem positiva
163,19/03/2027,09h,Pânico,como lidar com panico,50,Médio,
163,19/03/2027,12h,Estresse,estresse sintomas na pele,500,Baixo,
163,19/03/2027,20h,Ansiedade,como lidar com a ansiedade de outra pessoa,50,Baixo,
164,20/03/2027,09h,Memória,esquecer as coisas rapido,50,Baixo,esquecer as coisas rapido
164,20/03/2027,12h,Insônia / Sono,insonia o que fazer para melhorar,50,Alto,o que fazer para melhorar a insonia; o que fazer para melhorar insonia
164,20/03/2027,20h,Foco e concentração,distração infantil,50,Médio,distração infantil
165,21/03/2027,09h,Relaxamento,relaxamento de jacobson passo a passo,50,Baixo,relaxamento de jacobson passo a passo
165,21/03/2027,12h,Solidão,homem solidao,50,Baixo,
165,21/03/2027,20h,Autoestima,baixa auto estima e doença,50,Baixo,baixa auto estima é doença
166,22/03/2027,09h,Mindfulness,atenção plena budismo,50,Baixo,
166,22/03/2027,12h,Qualidade de vida,desenvolvimento e qualidade de vida,50,Baixo,desenvolvimento qualidade de vida; qualidade de vida desenvolvimento
166,22/03/2027,20h,Meditação,meditacao guiada noite,50,Desconhecido,meditação guiada noite; meditação guiada para noite
167,23/03/2027,09h,Inteligência emocional,autocontrole inteligencia emocional,50,Baixo,inteligencia emocional autocontrole; autocontrole inteligencia emocional; inteligencia emocional autocontrole
167,23/03/2027,12h,Estresse,estresse sobe a pressão,500,Baixo,
167,23/03/2027,20h,Pânico,como lidar com pessoas com crise de panico,50,Baixo,
168,24/03/2027,09h,Insônia / Sono,meditacao guiada para dormir bem,50,Baixo,meditação guiada dormir bem; meditacao guiada para dormir bem
168,24/03/2027,12h,Memória,esquecer as coisas é normal,50,Baixo,esquecer as coisas é normal
168,24/03/2027,20h,Ansiedade,como lidar com a ansiedade dos outros,50,Baixo,
169,25/03/2027,09h,Estresse,estresses diarios,500,Baixo,
169,25/03/2027,12h,Mindfulness,atenção plena como encontrar a paz em um mundo frenético,50,Alto,
169,25/03/2027,20h,Autoestima,desenvolvendo a autoconfiança,50,Baixo,desenvolvendo autoconfiança
170,26/03/2027,09h,Inteligência emocional,controle emocional no relacionamento,50,Médio,controle emocional relacionamento; controle emocional no relacionamento; controle emocional relacionamento
170,26/03/2027,12h,Memória,esquecer as palavras na hora de falar,50,Baixo,esquecer as palavras na hora de falar
170,26/03/2027,20h,Insônia / Sono,meditacao para dormir tadashi,50,Baixo,meditação tadashi para dormir; tadashi meditação para dormir
171,27/03/2027,09h,Meditação,meditação com barulho de chuva,50,Baixo,meditacao barulho chuva; meditação com barulho de chuva
171,27/03/2027,12h,Qualidade de vida,estilo de vida e qualidade de vida,50,Baixo,estilo e qualidade de vida; qualidade de vida e estilo de vida
171,27/03/2027,20h,Pânico,como lidar com quem tem sindrome do panico,50,Baixo,
172,28/03/2027,09h,Estresse,pessoa estressada,500,Baixo,
172,28/03/2027,12h,Insônia / Sono,meditação com hipnose para dormir,50,Baixo,meditação para dormir hipnose; meditação com hipnose para dormir
172,28/03/2027,20h,Memória,esquecer coisas muito rapido,50,Baixo,esquecer coisas muito rapido
173,29/03/2027,09h,Foco e concentração,falta concentração estudar,50,Desconhecido,falta de concentração para estudar
173,29/03/2027,12h,Solidão,isolamento social home office,50,Baixo,
173,29/03/2027,20h,Relaxamento,relaxamento guiado profundo,50,Baixo,relaxamento profundo guiado
174,30/03/2027,09h,Qualidade de vida,lazer e qualidade de vida,50,Baixo,qualidade de vida e lazer; qualidade de vida lazer
174,30/03/2027,12h,Meditação,meditação cura emocional,50,Baixo,meditação de cura emocional; meditação para cura emocional
174,30/03/2027,20h,Inteligência emocional,controle emocional psicologia,50,Baixo,psicologia controle emocional; controle emocional psicologia; psicologia controle emocional
175,31/03/2027,09h,Autoestima,eu tenho auto estima baixa,50,Baixo,eu tenho baixa auto estima
175,31/03/2027,12h,Mindfulness,atenção plena do corpo e da respiração,50,Baixo,
175,31/03/2027,20h,Estresse,stress sintomas,500,Baixo,
176,01/04/2027,09h,Ansiedade,como lidar com a falta de ar da ansiedade,50,Baixo,
176,01/04/2027,12h,Memória,esquecer coisas recentes,50,Baixo,esquecer coisas recentes
176,01/04/2027,20h,Insônia / Sono,meditação da prosperidade para dormir,50,Baixo,meditação para dormir prosperidade; meditação prosperidade dormir
177,02/04/2027,09h,Pânico,como tratar a ansiedade e sindrome do panico,50,Desconhecido,
177,02/04/2027,12h,Estresse,sintomas de estresse no trabalho,50,Baixo,estresse de trabalho sintomas; estresse no trabalho sintomas; estresse trabalho sintomas
177,02/04/2027,20h,Autoconhecimento,autoconhecimento para iniciantes,50,Médio,
178,03/04/2027,09h,Meditação,meditação mindfulness para iniciantes,50,Desconhecido,meditacao mindfulness iniciantes; meditação mindfulness para iniciantes
178,03/04/2027,12h,Qualidade de vida,nutricao e qualidade de vida,50,Baixo,qualidade de vida e nutrição; qualidade de vida nutrição
178,03/04/2027,20h,Insônia / Sono,meditação guiada para sono profundo,50,Baixo,meditação guiada sono profundo; meditação guiada para sono profundo
179,04/04/2027,09h,Memória,esquecer coisas recentes e normal,50,Baixo,esquecer coisas recentes e normal
179,04/04/2027,12h,Mindfulness,atenção plena do desapego,50,Baixo,
179,04/04/2027,20h,Autoestima,imagem e autoimagem,50,Baixo,imagem e autoimagem
180,05/04/2027,09h,Inteligência emocional,equilibrio emocional como conseguir,50,Baixo,equilíbrio emocional como conseguir; equilibrio emocional como conseguir; equilíbrio emocional como conseguir
180,05/04/2027,12h,Ansiedade,como lidar com alguem que tem ansiedade,50,Baixo,
180,05/04/2027,20h,Estresse,causa de estresse no trabalho,50,Baixo,causa do estresse no trabalho; estresse no trabalho causas; estresse por causa do trabalho
181,06/04/2027,09h,Pânico,crise de panico a noite,50,Baixo,
181,06/04/2027,12h,Memória,esquecer muito as coisas,50,Baixo,esquecer muito as coisas
181,06/04/2027,20h,Insônia / Sono,meditação para sono tranquilo,50,Desconhecido,meditação para um sono tranquilo; meditação sono tranquilo
182,07/04/2027,09h,Autocuidado,rotina auto cuidado,50,Baixo,rotina de auto cuidado
182,07/04/2027,12h,Relaxamento,relaxamento muscular progressivo como fazer,50,Baixo,relaxamento muscular progressivo como fazer
182,07/04/2027,20h,Inteligência emocional,manter equilibrio emocional,50,Baixo,manter o equilibrio emocional; manter equilibrio emocional; manter o equilibrio emocional
183,08/04/2027,09h,Autoestima,melhorar a auto confiança,50,Desconhecido,melhorar auto confiança
183,08/04/2027,12h,Mindfulness,atenção plena mark williams e danny penman,50,Alto,
183,08/04/2027,20h,Estresse,estresse emocional sintomas fisicos,50,Baixo,estresse emocional sintomas físicos; estresse emocional sintomas fisicos; estresse emocional sintomas físicos
184,09/04/2027,09h,Qualidade de vida,oq é ter qualidade de vida,50,Baixo,qualidade de vida como ter; ter qualidade de vida
184,09/04/2027,12h,Meditação,body scan meditação,50,Baixo,meditação body scan
184,09/04/2027,20h,Solidão,isolamento social na adolescência,50,Baixo,
185,10/04/2027,09h,Insônia / Sono,o que fazer para insônia passar,50,Médio,o que fazer para passar a insonia; o que fazer para passar insonia
185,10/04/2027,12h,Memória,esquecer muito as coisas é normal,50,Baixo,esquecer muito as coisas é normal
185,10/04/2027,20h,Foco e concentração,falta concentração infantil,50,Desconhecido,falta de concentração infantil
186,11/04/2027,09h,Pânico,crise de panico como identificar,50,Baixo,
186,11/04/2027,12h,Ansiedade,como lidar com crise de ansiedade infantil,50,Alto,
186,11/04/2027,20h,Estresse,causas de estresse emocional,50,Baixo,causa do estresse emocional; causas de estresse emocional; estresse emocional causas
187,12/04/2027,09h,Meditação,meditacao guiada para acalmar,50,Baixo,meditação guiada para se acalmar
187,12/04/2027,12h,Memória,esquecer o que estava falando,50,Baixo,esquecer o que estava falando
187,12/04/2027,20h,Insônia / Sono,o que fazer quando nao consegue dormir a noite,50,Baixo,o que fazer quando não consegue dormir à noite; o que fazer quando não se consegue dormir a noite
188,13/04/2027,09h,Mindfulness,atenção plena mindfulness autores,50,Desconhecido,
188,13/04/2027,12h,Autoestima,melhorar a autoestima e autoconfiança,50,Alto,melhorar autoestima e autoconfiança
188,13/04/2027,20h,Inteligência emocional,autocontrole das emoções,50,Baixo,autocontrole das emoções; autocontrole das emoções
189,14/04/2027,09h,Qualidade de vida,qualidade de vida da criança,50,Baixo,qualidade de vida das crianças; qualidade de vida para crianças
189,14/04/2027,12h,Estresse,estresse ocupacional tratamento,50,Desconhecido,tratamento para estresse ocupacional; estresse ocupacional tratamento; tratamento para estresse ocupacional
189,14/04/2027,20h,Pânico,crise de panico e falta de ar,50,Médio,
190,15/04/2027,09h,Insônia / Sono,alimentos que dão energia e tiram o sono,50,Baixo,alimentos que tiram o sono e dão energia
190,15/04/2027,12h,Memória,esquecer o que ia falar,50,Baixo,esquecer o que ia falar
190,15/04/2027,20h,Ansiedade,como lidar com pessoas ansiedade,50,Médio,
191,16/04/2027,09h,Foco e concentração,falta de concentração no trabalho,50,Baixo,falta de concentração no trabalho
191,16/04/2027,12h,Qualidade de vida,qualidade de vida de idosos institucionalizados,50,Baixo,qualidade de vida dos idosos institucionalizados; qualidade de vida idosos institucionalizados
191,16/04/2027,20h,Inteligência emocional,controle das emoções psicologia,50,Baixo,controle das emoções psicologia; controle das emoções psicologia
192,17/04/2027,09h,Autoestima,o poder da autoconfiança,50,Alto,poder da autoconfiança
192,17/04/2027,12h,Estresse,alto nivel de estresse sintomas,50,Baixo,alto nível de estresse sintomas; nível de estresse alto sintomas; sintomas alto nivel de estresse
192,17/04/2027,20h,Mindfulness,atenção plena mindfulness mark williams,50,Médio,
193,18/04/2027,09h,Meditação,meditacao para relaxar e acalmar,50,Baixo,meditação para acalmar e relaxar
193,18/04/2027,12h,Solidão,isolamento social no trabalho,50,Baixo,
193,18/04/2027,20h,Memória,esquecer o que ia falar frequentemente,50,Baixo,esquecer o que ia falar frequentemente
194,19/04/2027,09h,Insônia / Sono,dificuldade em dormir ansiedade,50,Médio,dificuldade em dormir ansiedade
194,19/04/2027,12h,Relaxamento,relaxamento muscular progressivo de jacobson passo a passo,50,Baixo,relaxamento muscular progressivo de jacobson passo a passo
194,19/04/2027,20h,Estresse,burnout e estresse,50,Baixo,estresse de burnout; estresse e burnout; burnout e estresse
195,20/04/2027,09h,Pânico,crise de panico infantil,50,Baixo,
195,20/04/2027,12h,Mindfulness,atenção plena mp3,50,Desconhecido,
195,20/04/2027,20h,Insônia / Sono,dificuldade para dormir com barulho,50,Baixo,dificuldade para dormir com barulho
196,21/04/2027,09h,Memória,esquecer palavras constantemente,50,Baixo,esquecer palavras constantemente
196,21/04/2027,12h,Autoestima,pessoa com auto estima baixa,50,Baixo,pessoa com baixa auto estima
196,21/04/2027,20h,Inteligência emocional,controle e inteligência emocional no trabalho,50,Desconhecido,controle e inteligência emocional no trabalho; controle e inteligência emocional no trabalho
197,22/04/2027,09h,Qualidade de vida,qualidade de vida em familia,50,Baixo,qualidade de vida familia; qualidade de vida na familia
197,22/04/2027,12h,Meditação,meditacao plena,50,Baixo,meditaçao plena
197,22/04/2027,20h,Ansiedade,como lidar com pessoas com transtorno de ansiedade,50,Baixo,
198,23/04/2027,09h,Estresse,estresse ambiente de trabalho,50,Baixo,estresse no ambiente de trabalho; o estresse no ambiente de trabalho; estresse ambiente de trabalho
198,23/04/2027,12h,Memória,esquecer palavras é normal,50,Baixo,esquecer palavras é normal
198,23/04/2027,20h,Insônia / Sono,dificuldade para dormir e acordar,50,Baixo,dificuldade para dormir e acordar
199,24/04/2027,09h,Pânico,crise de panico no aviao,50,Baixo,
199,24/04/2027,12h,Solidão,isolamento social significado,50,Baixo,
199,24/04/2027,20h,Relaxamento,relaxamento progressivo de jacobson passo a passo,50,Baixo,relaxamento progressivo de jacobson passo a passo
200,25/04/2027,09h,Meditação,meditar acalmar a mente,50,Desconhecido,meditar para acalmar a mente
200,25/04/2027,12h,Estresse,estresse estafa sintomas,50,Baixo,sintomas de estafa e estresse; sintomas de estafa estresse; sintomas de estresse e estafa
200,25/04/2027,20h,Qualidade de vida,qualidade de vida no dia a dia,50,Baixo,dia da qualidade de vida; qualidade de vida no dia a dia
201,26/04/2027,09h,Inteligência emocional,controle emocional no ambiente de trabalho,50,Baixo,controle emocional no ambiente de trabalho; controle emocional no ambiente de trabalho
201,26/04/2027,12h,Autoestima,pessoa com autoestima baixa,50,Baixo,pessoa com baixa autoestima
201,26/04/2027,20h,Mindfulness,atenção plena na respiração,50,Baixo,
202,27/04/2027,09h,Foco e concentração,foco atenção e concentração,50,Baixo,foco concentração e atenção
202,27/04/2027,12h,Insônia / Sono,dificuldade para dormir mesmo com sono,50,Baixo,dificuldade para dormir mesmo com sono
202,27/04/2027,20h,Memória,esquecimento cerebral,50,Baixo,esquecimento cerebral
203,28/04/2027,09h,Ansiedade,como lidar com quem tem crise de ansiedade,50,Baixo,
203,28/04/2027,12h,Estresse,estresse pos traumatico no trabalho,50,Baixo,estresse pos traumatico trabalho; estresse pós traumático no trabalho; estresse pos traumatico no trabalho
203,28/04/2027,20h,Pânico,crise de panico pode durar dias,50,Baixo,
204,29/04/2027,09h,Autoestima,pessoas que tem auto estima baixa,50,Baixo,pessoas que tem baixa auto estima
204,29/04/2027,12h,Memória,esquecimento com frequência,50,Baixo,esquecimento com frequência
204,29/04/2027,20h,Insônia / Sono,dificuldade para dormir no calor,50,Baixo,dificuldade para dormir no calor
205,30/04/2027,09h,Inteligência emocional,controle emocional no ambiente empresarial,50,Desconhecido,controle emocional no ambiente empresarial; controle emocional no ambiente empresarial
205,30/04/2027,12h,Qualidade de vida,sustentabilidade e qualidade de vida,50,Baixo,qualidade de vida e sustentabilidade; sustentabilidade qualidade de vida
205,30/04/2027,20h,Mindfulness,atenção plena para crianças,50,Alto,
206,01/05/2027,09h,Meditação,meditar iniciante,50,Médio,meditar para iniciantes
206,01/05/2027,12h,Estresse,sintomas de stress no trabalho,50,Médio,stress no trabalho sintomas; sintomas de stress no trabalho; stress no trabalho sintomas
206,01/05/2027,20h,Insônia / Sono,dificuldade para dormir o que pode ser,50,Baixo,dificuldade para dormir o que pode ser
207,02/05/2027,09h,Memória,esquecimento constante em jovens,50,Baixo,esquecimento constante em jovens
207,02/05/2027,12h,Ansiedade,como lidar com transtorno de ansiedade generalizada,50,Médio,
207,02/05/2027,20h,Foco e concentração,manter a concentração,50,Baixo,manter concentração
208,03/05/2027,09h,Solidão,isolamento social voluntário,50,Baixo,
208,03/05/2027,12h,Relaxamento,relaxamento respiração diafragmática,50,Baixo,relaxamento respiração diafragmática
208,03/05/2027,20h,Estresse,stress ocupacional no trabalho,50,Baixo,stress ocupacional ou no trabalho; stress ocupacional no trabalho; stress ocupacional ou no trabalho
209,04/05/2027,09h,Meditação,meditação atenção plena guiada,50,Baixo,meditação guiada atenção plena
209,04/05/2027,12h,Mindfulness,caixa mindfulness,50,Alto,
209,04/05/2027,20h,Qualidade de vida,a busca pela qualidade de vida,50,Desconhecido,busca pela qualidade de vida
210,05/05/2027,09h,Inteligência emocional,controle sobre as emoções,50,Desconhecido,controle sobre as emoções; controle sobre as emoções
210,05/05/2027,12h,Autoestima,sobre auto estima baixa,50,Baixo,sobre baixa auto estima
210,05/05/2027,20h,Pânico,definição sindrome do panico,50,Baixo,
211,06/05/2027,09h,Memória,esquecimento constante é normal,50,Baixo,esquecimento constante é normal
211,06/05/2027,12h,Insônia / Sono,dificuldade para dormir ou manter o sono,50,Baixo,dificuldade para dormir ou manter o sono
211,06/05/2027,20h,Estresse,causas de stress no trabalho,50,Médio,causas do stress no trabalho; causas de stress no trabalho; causas do stress no trabalho
212,07/05/2027,09h,Inteligência emocional,dicas para controle emocional,50,Baixo,dicas de controle emocional; dicas para controle emocional
212,07/05/2027,12h,Qualidade de vida,a qualidade de vida das pessoas,50,Baixo,qualidade de vida das pessoas
212,07/05/2027,20h,Mindfulness,carla martins mindfulness,50,Desconhecido,
213,08/05/2027,09h,Insônia / Sono,dificuldade para dormir remédio,50,Desconhecido,dificuldade para dormir remédio
213,08/05/2027,12h,Memória,esquecimento continuo o que pode ser,50,Baixo,esquecimento continuo o que pode ser
213,08/05/2027,20h,Meditação,meditação autocompaixão,50,Baixo,meditação da autocompaixão
214,09/05/2027,09h,Autoestima,tenho auto estima baixa,50,Baixo,tenho baixa auto estima
214,09/05/2027,12h,Pânico,depressão e síndrome do pânico,50,Baixo,
214,09/05/2027,20h,Ansiedade,como lidar com um ataque de ansiedade,50,Baixo,
215,10/05/2027,09h,Estresse,estresse e qualidade de vida no trabalho,50,Baixo,estresse e qualidade de vida no trabalho; qualidade de vida e estresse no trabalho; estresse e qualidade de vida no trabalho
215,10/05/2027,12h,Memória,esquecimento de fatos recentes,50,Baixo,esquecimento de fatos recentes
215,10/05/2027,20h,Insônia / Sono,dificuldades para dormir causas,50,Baixo,dificuldades para dormir causas
216,11/05/2027,09h,Foco e concentração,trabalhar a concentração,50,Baixo,trabalhar concentração
216,11/05/2027,12h,Solidão,lidando com a solidão,50,Baixo,
216,11/05/2027,20h,Relaxamento,respirar e relaxar,50,Baixo,respirar para relaxar
217,12/05/2027,09h,Estresse,estresse emocional no trabalho,50,Baixo,estresse emocional no trabalho; estresse emocional no trabalho; estresse emocional no trabalho
217,12/05/2027,12h,Autoestima,tenho auto estima baixa o que fazer,50,Médio,tenho baixa auto estima o que fazer
217,12/05/2027,20h,Meditação,meditação com os anjos,50,Baixo,meditação anjos
218,13/05/2027,09h,Mindfulness,choden mindfulness,50,Desconhecido,
218,13/05/2027,12h,Qualidade de vida,alimentação saudável atividade física e qualidade de vida,50,Baixo,atividade física alimentação saudável e qualidade de vida
218,13/05/2027,20h,Inteligência emocional,dominar as emoções,50,Baixo,dominar as emoções; dominar as emoções
219,14/05/2027,09h,Pânico,desmaio sindrome do panico,50,Baixo,
219,14/05/2027,12h,Insônia / Sono,elainne ourives meditação para dormir,50,Baixo,meditação para dormir elainne ourives
219,14/05/2027,20h,Memória,esquecimento de palavras,50,Baixo,esquecimento de palavras
220,15/05/2027,09h,Ansiedade,crise de ansiedade causa dormencia,50,Baixo,
220,15/05/2027,12h,Estresse,sintomas de estresse ocupacional,50,Baixo,estresse ocupacional sintomas; estresse ocupacional sintomas; estresse ocupacional sintomas
220,15/05/2027,20h,Meditação,meditação concentração plena,50,Baixo,meditação concentração plena
221,16/05/2027,09h,Autoestima,ter auto estima baixa,50,Baixo,ter baixa auto estima
221,16/05/2027,12h,Memória,esquecimento de palavras ao falar,50,Baixo,esquecimento de palavras ao falar
221,16/05/2027,20h,Insônia / Sono,falta de concentração e sono excessivo,50,Baixo,sono excessivo falta de concentração
222,17/05/2027,09h,Inteligência emocional,equilíbrio emocional no trabalho,50,Baixo,equilibrio emocional no trabalho; equilibrio emocional no trabalho
222,17/05/2027,12h,Qualidade de vida,ambiental qualidade de vida,50,Baixo,qualidade de vida ambiental
222,17/05/2027,20h,Mindfulness,consciência plena mindfulness,50,Baixo,
223,18/05/2027,09h,Pânico,dor no peito sindrome do panico,50,Baixo,
223,18/05/2027,12h,Estresse,ansiedade e estresse no trabalho,50,Médio,estresse e ansiedade no trabalho; ansiedade e estresse no trabalho; estresse e ansiedade no trabalho
223,18/05/2027,20h,Ansiedade,crise de ansiedade tecnica para acalmar na hora,50,Baixo,
224,19/05/2027,09h,Insônia / Sono,juliana goes meditação para dormir,50,Desconhecido,meditação para dormir juliana goes
224,19/05/2027,12h,Memória,esquecimento de palavras ao falar em jovens,50,Baixo,esquecimento de palavras ao falar em jovens
224,19/05/2027,20h,Foco e concentração,alimentos que dão energia e concentração,50,Baixo,
225,20/05/2027,09h,Solidão,o poder da solidao,50,Baixo,
225,20/05/2027,12h,Relaxamento,respiração diafragmática e relaxamento progressivo,50,Desconhecido,respiração diafragmática e relaxamento progressivo
225,20/05/2027,20h,Estresse,estresse alto sintomas,50,Baixo,sintomas de alto estresse; sintomas de estresse alto; sintomas estresse alto
226,21/05/2027,09h,Mindfulness,espaço mindfulness,50,Baixo,
226,21/05/2027,12h,Qualidade de vida,ambiente qualidade de vida,50,Baixo,qualidade de vida e ambiente
226,21/05/2027,20h,Inteligência emocional,equilíbrio mental e emocional,50,Baixo,equilíbrio mental e emocional; equilíbrio mental e emocional
227,22/05/2027,09h,Autoestima,to com a auto estima baixa,50,Baixo,to com auto estima baixa
227,22/05/2027,12h,Meditação,meditação consciencia plena,50,Baixo,meditação plena consciencia
227,22/05/2027,20h,Memória,esquecimento de palavras em jovens,50,Baixo,esquecimento de palavras em jovens
228,23/05/2027,09h,Insônia / Sono,juliana tamietti meditação para dormir,50,Baixo,meditação para dormir juliana tamietti
228,23/05/2027,12h,Pânico,medo de morrer sindrome do panico,50,Baixo,
228,23/05/2027,20h,Estresse,estresse ao extremo sintomas,50,Baixo,estresse extremo sintomas; sintomas de estresse extremo; sintomas de extremo estresse
229,24/05/2027,09h,Autocuidado,autocuidado diário,50,Baixo,
229,24/05/2027,12h,Ansiedade,exercicio de respiracao para crise de ansiedade,50,Baixo,
229,24/05/2027,20h,Inteligência emocional,resiliência emocional significado,50,Baixo,significado de resiliência emocional; significado resiliência emocional
230,25/05/2027,09h,Insônia / Sono,meditacao guiada sono,50,Baixo,meditação guiada para o sono
230,25/05/2027,12h,Memória,esquecimento do nada,50,Baixo,esquecimento do nada
230,25/05/2027,20h,Qualidade de vida,boa qualidade de vida,50,Baixo,qualidade de vida boa
231,26/05/2027,09h,Mindfulness,estado de atenção plena,50,Médio,
231,26/05/2027,12h,Meditação,meditação cura da mente,50,Desconhecido,meditação para cura da mente
231,26/05/2027,20h,Autoestima,trabalhar a autoconfiança,50,Baixo,trabalhar autoconfiança
232,27/05/2027,09h,Estresse,estresse emocional tem cura,50,Baixo,estresse emocional tem cura; estresse emocional tem cura; estresse emocional tem cura
232,27/05/2027,12h,Pânico,mindfulness panico,50,Desconhecido,
232,27/05/2027,20h,Memória,esquecimento e confusão mental,50,Baixo,esquecimento e confusão mental
233,28/05/2027,09h,Insônia / Sono,meditacao para dormir you tube,50,Baixo,you tube meditação para dormir
233,28/05/2027,12h,Foco e concentração,aumentar o foco,50,Alto,
233,28/05/2027,20h,Relaxamento,tecnica de relaxamento infantil,50,Baixo,tecnicas de relaxamento infantil
234,29/05/2027,09h,Estresse,estresse na empresa,50,Baixo,estresse nas empresas; estresse na empresa; estresse nas empresas
234,29/05/2027,12h,Autoestima,auto confiança em si mesmo,50,Desconhecido,
234,29/05/2027,20h,Meditação,meditação de paz,50,Baixo,meditação paz
235,30/05/2027,09h,Mindfulness,felipe lapa mindfulness,50,Baixo,
235,30/05/2027,12h,Qualidade de vida,chiavenato qualidade de vida no trabalho,50,Baixo,qualidade de vida no trabalho chiavenato
235,30/05/2027,20h,Inteligência emocional,sintomas de esgotamento fisico e emocional,50,Alto,sintomas de esgotamento fisico e emocional; sintomas de esgotamento fisico e emocional
236,31/05/2027,09h,Solidão,saúde fisica e mental em tempos de isolamento social,50,Desconhecido,
236,31/05/2027,12h,Insônia / Sono,meditação curta para dormir,50,Baixo,meditação para dormir curta
236,31/05/2027,20h,Memória,esquecimento e normal,50,Baixo,esquecimento e normal
237,01/06/2027,09h,Ansiedade,exercicio para aliviar crise de ansiedade,50,Médio,
237,01/06/2027,12h,Pânico,oq causa crise de panico,50,Baixo,
237,01/06/2027,20h,Estresse,estresse no trabalho como evitar,50,Médio,evitar estresse no trabalho; estresse no trabalho como evitar; evitar estresse no trabalho
238,02/06/2027,09h,Qualidade de vida,conceitos de qualidade de vida no trabalho,50,Baixo,qualidade de vida no trabalho conceitos
238,02/06/2027,12h,Mindfulness,lucia barros mindfulness,50,Baixo,
238,02/06/2027,20h,Memória,esquecimento em jovens,50,Baixo,esquecimento em jovens
239,03/06/2027,09h,Insônia / Sono,meditação de cura para dormir,50,Baixo,meditação para dormir cura
239,03/06/2027,12h,Meditação,meditação dinâmica,50,Baixo,meditação dinâmica
239,03/06/2027,20h,Autoestima,auto confiança no trabalho,50,Baixo,
240,04/06/2027,09h,Inteligência emocional,tenha controle das suas emoções,50,Desconhecido,tenha controle das suas emoções; tenha controle das suas emoções
240,04/06/2027,12h,Estresse,estresse no trabalho psicologia,50,Baixo,psicologia estresse no trabalho; estresse no trabalho psicologia; psicologia estresse no trabalho
240,04/06/2027,20h,Ansiedade,exercicios para melhorar a crise de ansiedade,50,Alto,
241,05/06/2027,09h,Pânico,oq significa crise de panico,50,Baixo,
241,05/06/2027,12h,Insônia / Sono,meditação de deus para dormir,50,Alto,meditação para dormir com deus
241,05/06/2027,20h,Memória,esquecimento em pessoas idosas,50,Médio,esquecimento em pessoas idosas
242,06/06/2027,09h,Solidão,sinais de isolamento social,50,Baixo,
242,06/06/2027,12h,Estresse,estresse ocupacional no trabalho,50,Baixo,estresse ocupacional no trabalho; estresse ocupacional no trabalho; estresse ocupacional no trabalho
242,06/06/2027,20h,Inteligência emocional,ter autocontrole emocional,50,Baixo,ter autocontrole emocional; ter autocontrole emocional
243,07/06/2027,09h,Autoestima,auto estima abalada,50,Baixo,
243,07/06/2027,12h,Meditação,meditação guiada barulho de chuva,50,Desconhecido,meditação guiada barulho de chuva
243,07/06/2027,20h,Mindfulness,marcelo batista de oliveira mindfulness,50,Baixo,
244,08/06/2027,09h,Qualidade de vida,desenvolvimento humano e qualidade de vida,50,Baixo,qualidade de vida e desenvolvimento humano
244,08/06/2027,12h,Relaxamento,tecnica de relaxamento para crianças,50,Desconhecido,tecnicas de relaxamento para criancas
244,08/06/2027,20h,Foco e concentração,concentração plena,50,Baixo,
245,09/06/2027,09h,Memória,esquecimento em pessoas jovens,50,Baixo,esquecimento em pessoas jovens
245,09/06/2027,12h,Insônia / Sono,meditação eu sou para dormir,50,Baixo,meditação para dormir eu sou
245,09/06/2027,20h,Estresse,estresse sintomas fisicos e emocionais,50,Baixo,estresse sintomas fisicos e emocionais; estresse sintomas fisicos e emocionais; estresse sintomas fisicos e emocionais
246,10/06/2027,09h,Pânico,panico dormindo,50,Baixo,
246,10/06/2027,12h,Ansiedade,exercício e ansiedade,50,Baixo,
246,10/06/2027,20h,Meditação,meditação guiada com sons da natureza,50,Baixo,meditação guiada sons da natureza
247,11/06/2027,09h,Insônia / Sono,meditação guiada antes de dormir,50,Baixo,meditação guiada antes de dormir
247,11/06/2027,12h,Memória,esquecimento excessivo,50,Baixo,esquecimento excessivo
247,11/06/2027,20h,Autoestima,auto estima baixa atrapalha relacionamento,50,Baixo,
248,12/06/2027,09h,Inteligência emocional,tiago brunet controle emocional,50,Desconhecido,tiago brunet controle emocional; tiago brunet controle emocional
248,12/06/2027,12h,Qualidade de vida,dicas de habitos saudaveis,50,Baixo,dicas habitos saudaveis
248,12/06/2027,20h,Mindfulness,marcelo oliveira mindfulness,50,Baixo,
249,13/06/2027,09h,Estresse,sintomas de estresse emocional no corpo,50,Baixo,sintomas de estresse emocional no corpo; sintomas de estresse emocional no corpo; sintomas de estresse emocional no corpo
249,13/06/2027,12h,Memória,esquecimento instantâneo,50,Baixo,esquecimento instantâneo
249,13/06/2027,20h,Insônia / Sono,meditação guiada ho oponopono para dormir,50,Baixo,meditação guiada para dormir ho oponopono
250,14/06/2027,09h,Pânico,panico durante o sono,50,Baixo,
250,14/06/2027,12h,Foco e concentração,dicas para aumentar o foco,50,Baixo,
250,14/06/2027,20h,Relaxamento,tecnica de relaxamento profundo,50,Baixo,técnicas de relaxamento profundo
251,15/06/2027,09h,Estresse,sintomas fisicos do stress,50,Baixo,sintomas fisicos stress; stress sintomas fisicos; stress sintomas físicos
251,15/06/2027,12h,Solidão,sinais de solidão,50,Baixo,
251,15/06/2027,20h,Mindfulness,mente de principiante mindfulness,50,Desconhecido,
252,16/06/2027,09h,Qualidade de vida,envelhecer com saúde e qualidade de vida,50,Baixo,envelhecer com saude e qualidade de vida
252,16/06/2027,12h,Inteligência emocional,alimentação e emoções,50,Baixo,alimentação e emoções
252,16/06/2027,20h,Autoestima,auto estima baixa por causa do corpo,50,Desconhecido,
253,17/06/2027,09h,Meditação,meditação guiada para relaxamento profundo,50,Baixo,meditação guiada relaxamento profundo
253,17/06/2027,12h,Ansiedade,isolamento e ansiedade,50,Baixo,
253,17/06/2027,20h,Insônia / Sono,meditação guiada insonia,50,Baixo,meditação guiada para insonia
254,18/06/2027,09h,Memória,esquecimento jovem,50,Baixo,esquecimento jovem
254,18/06/2027,12h,Estresse,tratamento estresse emocional,50,Baixo,tratamento para estresse emocional; tratamento estresse emocional; tratamento para estresse emocional
254,18/06/2027,20h,Pânico,panico sono,50,Baixo,
255,19/06/2027,09h,Autoestima,auto estima como esta a sua,50,Alto,
255,19/06/2027,12h,Inteligência emocional,aprender a ter controle emocional,50,Alto,aprender a ter controle emocional
255,19/06/2027,20h,Memória,esquecimento memoria de curto prazo,50,Baixo,esquecimento memoria de curto prazo
256,20/06/2027,09h,Insônia / Sono,meditação guiada para acalmar a mente e dormir,50,Baixo,meditação guiada para acalmar a mente e dormir
256,20/06/2027,12h,Qualidade de vida,equilibrio espiritual e qualidade de vida,50,Baixo,equilíbrio espiritual e qualidade de vida
256,20/06/2027,20h,Mindfulness,mente plena mindfulness,50,Baixo,
257,21/06/2027,09h,Meditação,meditação guiada para relaxar a mente,50,Baixo,meditação guiada relaxar a mente
257,21/06/2027,12h,Estresse,causas de stress,50,Baixo,causas do stress; stress causas
257,21/06/2027,20h,Ansiedade,isolamento social causa ansiedade,50,Baixo,
258,22/06/2027,09h,Insônia / Sono,meditação guiada para dormir barulho de chuva,50,Baixo,meditação guiada para dormir barulho de chuva
258,22/06/2027,12h,Memória,esquecimento mental,50,Baixo,esquecimento mental
258,22/06/2027,20h,Solidão,sintomas de isolamento social,50,Baixo,
259,23/06/2027,09h,Relaxamento,tecnica de relaxamento respiração diafragmática,50,Baixo,tecnica de relaxamento respiração diafragmática
259,23/06/2027,12h,Estresse,estresse causado pelo trabalho,50,Baixo,estresse causado pelo trabalho; estresse causado pelo trabalho
259,23/06/2027,20h,Foco e concentração,dificuldade de concentração e foco,50,Médio,
260,24/06/2027,09h,Meditação,meditação para acalmar a mente e relaxar,50,Baixo,meditação para relaxar e acalmar a mente
260,24/06/2027,12h,Mindfulness,mia mindfulness,50,Alto,
260,24/06/2027,20h,Qualidade de vida,habitos saudaveis e nao saudaveis,50,Baixo,hábitos saudáveis e não saudáveis
261,25/06/2027,09h,Inteligência emocional,bem emocionalmente,50,Baixo,emocionalmente bem
261,25/06/2027,12h,Autoestima,auto estima destruida,50,Baixo,
261,25/06/2027,20h,Pânico,pessoa com crise de panico,50,Baixo,
262,26/06/2027,09h,Memória,esquecimento na adolescência,50,Baixo,esquecimento na adolescência
262,26/06/2027,12h,Insônia / Sono,meditação guiada para dormir chuva,50,Desconhecido,meditação guiada para dormir chuva
262,26/06/2027,20h,Estresse,estresse e nervosismo sintomas,50,Baixo,sintomas de estresse e nervosismo; sintomas de nervosismo e estresse
263,27/06/2027,09h,Ansiedade,meditacao para acalmar crise de ansiedade,50,Baixo,
263,27/06/2027,12h,Autocuidado,autocuidado emocional psicologia,50,Desconhecido,
263,27/06/2027,20h,Qualidade de vida,limongi frança qualidade de vida no trabalho,50,Baixo,qualidade de vida no trabalho limongi frança
264,28/06/2027,09h,Insônia / Sono,meditação guiada para dormir infantil,50,Baixo,meditação infantil guiada para dormir
264,28/06/2027,12h,Memória,esquecimento na juventude,50,Baixo,esquecimento na juventude
264,28/06/2027,20h,Mindfulness,mindfulness adolescencia,50,Médio,
265,29/06/2027,09h,Meditação,meditação para cura interior,50,Baixo,meditacao de cura interior
265,29/06/2027,12h,Autoestima,auto estima muito baixa,50,Baixo,
265,29/06/2027,20h,Inteligência emocional,bem estar mental e emocional,50,Baixo,bem estar mental e emocional
266,30/06/2027,09h,Estresse,estresse e qualidade de vida,50,Baixo,qualidade de vida e estresse; estresse e qualidade de vida
266,30/06/2027,12h,Pânico,pessoa tendo ataque de pânico,50,Baixo,
266,30/06/2027,20h,Memória,esquecimento na terceira idade,50,Baixo,esquecimento na terceira idade
267,01/07/2027,09h,Insônia / Sono,meditação guiada para dormir melhor,50,Desconhecido,melhor meditação guiada para dormir
267,01/07/2027,12h,Foco e concentração,dificuldade de concentração e memorização,50,Alto,
267,01/07/2027,20h,Estresse,estresse em excesso sintomas,50,Baixo,excesso de estresse sintomas; sintomas de excesso de estresse
268,02/07/2027,09h,Solidão,sintomas de solidão,50,Baixo,
268,02/07/2027,12h,Relaxamento,tecnica de relaxamento tcc,50,Baixo,tecnicas de relaxamento tcc
268,02/07/2027,20h,Inteligência emocional,buscando equilibrio emocional,50,Médio,buscando equilibrio emocional
269,03/07/2027,09h,Autoestima,auto estima muito baixa o que fazer,50,Alto,
269,03/07/2027,12h,Meditação,meditação para iniciantes youtube,50,Desconhecido,youtube meditação para iniciantes
269,03/07/2027,20h,Mindfulness,mindfulness autoconhecimento,50,Desconhecido,
270,04/07/2027,09h,Qualidade de vida,longevidade e qualidade de vida,50,Baixo,qualidade de vida e longevidade
270,04/07/2027,12h,Ansiedade,meditacao para relaxar e tranquilizar ansiedade,50,Baixo,
270,04/07/2027,20h,Pânico,pessoas com síndrome do pânico pode trabalhar,50,Baixo,
271,05/07/2027,09h,Insônia / Sono,meditação guiada para dormir poetoterapia,50,Baixo,meditação guiada para dormir poetoterapia
271,05/07/2027,12h,Memória,esquecimento pos traumatico,50,Baixo,esquecimento pos traumatico
271,05/07/2027,20h,Estresse,estresse fisico e emocional,50,Baixo,estresse fisico e emocional; estresse fisico e emocional
272,06/07/2027,09h,Mindfulness,mindfulness belo horizonte,50,Alto,
272,06/07/2027,12h,Meditação,meditação para relaxamento muscular,50,Baixo,meditação relaxamento muscular
272,06/07/2027,20h,Memória,esquecimento precoce em jovens,50,Baixo,esquecimento precoce em jovens
273,07/07/2027,09h,Insônia / Sono,meditação guiada para dormir raissa zoccal,50,Baixo,meditação guiada raissa zoccal dormir
273,07/07/2027,12h,Autoestima,autoconfiança corporal,50,Baixo,
273,07/07/2027,20h,Inteligência emocional,controle emocional daniel goleman,50,Alto,controle emocional daniel goleman
274,08/07/2027,09h,Qualidade de vida,melhor qualidade de vida,50,Baixo,qualidade de vida melhor
274,08/07/2027,12h,Estresse,estresse grave sintomas,50,Baixo,sintomas de estresse grave; sintomas graves de estresse
274,08/07/2027,20h,Pânico,principais sintomas da sindrome do panico,50,Baixo,
275,09/07/2027,09h,Ansiedade,meditacao relaxamento ansiedade,50,Desconhecido,
275,09/07/2027,12h,Insônia / Sono,meditação guiada para dormir rapido e relaxar,50,Baixo,meditação guiada para dormir rapido e relaxar
275,09/07/2027,20h,Memória,esquecimento profundo,50,Baixo,esquecimento profundo
276,10/07/2027,09h,Estresse,estresse mental sintomas,50,Baixo,sintomas de estresse mental; sintomas estresse mental
276,10/07/2027,12h,Relaxamento,tecnica de respiração para relaxar,50,Baixo,tecnica de respiração para relaxar
276,10/07/2027,20h,Solidão,sobre isolamento social,50,Baixo,
277,11/07/2027,09h,Qualidade de vida,motivação e qualidade de vida no trabalho,50,Desconhecido,qualidade de vida e motivação no trabalho
277,11/07/2027,12h,Inteligência emocional,controle emocional infantil,50,Alto,controle emocional infantil
277,11/07/2027,20h,Autoestima,autoconfiança em si mesmo,50,Baixo,
278,12/07/2027,09h,Meditação,meditação silenciar a mente,50,Baixo,meditação silenciar a mente
278,12/07/2027,12h,Mindfulness,mindfulness budismo,50,Baixo,
278,12/07/2027,20h,Foco e concentração,dificuldade de concentração na leitura,50,Baixo,
279,13/07/2027,09h,Memória,esquecimento recente,50,Baixo,esquecimento recente
279,13/07/2027,12h,Insônia / Sono,meditação guiada para relaxar a mente e dormir,50,Baixo,meditação guiada para relaxar a mente e dormir
279,13/07/2027,20h,Pânico,sensação ataque de pânico,50,Baixo,
280,14/07/2027,09h,Estresse,estresse nervoso sintomas,50,Baixo,sintomas de estresse nervoso; sintomas de nervoso e estresse
280,14/07/2027,12h,Ansiedade,meditar ansiedade,50,Baixo,
280,14/07/2027,20h,Autoestima,autoconfiança feminina,50,Baixo,
281,15/07/2027,09h,Insônia / Sono,meditação guiada para relaxar e dormir bem,50,Baixo,meditação guiada para relaxar e dormir bem
281,15/07/2027,12h,Memória,esquecimento recorrente,50,Baixo,esquecimento recorrente
281,15/07/2027,20h,Inteligência emocional,controle emocional no esporte,50,Alto,controle emocional no esporte
282,16/07/2027,09h,Qualidade de vida,onu qualidade de vida,50,Baixo,qualidade de vida onu
282,16/07/2027,12h,Mindfulness,mindfulness como surgiu,50,Baixo,
282,16/07/2027,20h,Meditação,meditação sons,50,Baixo,sons para meditação
283,17/07/2027,09h,Estresse,estresse no trabalho sintomas e tratamento,50,Alto,estresse no trabalho sintomas e tratamento; estresse no trabalho sintomas e tratamento
283,17/07/2027,12h,Pânico,sensação de panico,50,Baixo,
283,17/07/2027,20h,Memória,esquecimento repentino em jovens,50,Baixo,esquecimento repentino em jovens
284,18/07/2027,09h,Insônia / Sono,meditação guiada para relaxar e dormir profundamente,50,Baixo,meditação guiada para relaxar e dormir profundamente
284,18/07/2027,12h,Foco e concentração,dificuldade de concentração no trabalho,50,Baixo,
284,18/07/2027,20h,Estresse,estresse pos traumatico tratamento,50,Baixo,tratamento estresse pos traumatico; tratamento para estresse pos traumatico
285,19/07/2027,09h,Ansiedade,meditar para acalmar ansiedade,50,Médio,
285,19/07/2027,12h,Solidão,solidão amorosa,50,Baixo,
285,19/07/2027,20h,Meditação,meditação sons de chuva,50,Desconhecido,meditação sons de chuva
286,20/07/2027,09h,Mindfulness,mindfulness contra a depressão,50,Médio,
286,20/07/2027,12h,Qualidade de vida,produtividade e qualidade de vida no trabalho,50,Baixo,qualidade de vida no trabalho e produtividade
286,20/07/2027,20h,Inteligência emocional,controle emocional para ação,50,Desconhecido,controle emocional para ação
287,21/07/2027,09h,Autoestima,autoconfiança inabalável,50,Baixo,
287,21/07/2027,12h,Relaxamento,tecnica relaxamento muscular progressivo,50,Baixo,técnica de relaxamento muscular progressivo
287,21/07/2027,20h,Insônia / Sono,meditação para acalmar a mente e dormir bem,50,Desconhecido,meditação para acalmar a mente e dormir bem
288,22/07/2027,09h,Memória,esquecimento rápido o que pode ser,50,Baixo,esquecimento rápido o que pode ser
288,22/07/2027,12h,Estresse,estresse relacionado na atividade ocupacional do trabalho de enfermagem,50,Baixo,estresse relacionado na atividade ocupacional do trabalho de enfermagem; estresse relacionado na atividade ocupacional do trabalho de enfermagem
288,22/07/2027,20h,Pânico,sensação de panico constante,50,Baixo,
289,23/07/2027,09h,Inteligência emocional,controle emocional significado,50,Baixo,significado de controle emocional
289,23/07/2027,12h,Qualidade de vida,psicologia e qualidade de vida no trabalho,50,Baixo,qualidade de vida no trabalho psicologia
289,23/07/2027,20h,Memória,esquecimento subito,50,Baixo,esquecimento subito
290,24/07/2027,09h,Insônia / Sono,meditação para acalmar ansiedade e dormir,50,Médio,meditação para acalmar ansiedade e dormir
290,24/07/2027,12h,Mindfulness,mindfulness corporativo,50,Médio,
290,24/07/2027,20h,Meditação,sons da natureza para meditar,50,Baixo,sons de natureza para meditar
291,25/07/2027,09h,Autoestima,autoconfiança mulher,50,Baixo,
291,25/07/2027,12h,Estresse,sinais de estresse emocional,50,Baixo,sinais de estresse emocional; sinais de estresse emocional
291,25/07/2027,20h,Ansiedade,meditação guiada ansiedade relaxamento,50,Baixo,
292,26/07/2027,09h,Pânico,sindrome do panico calafrios,50,Baixo,
292,26/07/2027,12h,Insônia / Sono,meditação para descansar e dormir,50,Desconhecido,meditação para dormir e descansar
292,26/07/2027,20h,Memória,esquecimento temporario,50,Baixo,esquecimento temporario
293,27/07/2027,09h,Estresse,sinais de estresse no trabalho,50,Baixo,sinais de estresse no trabalho; sinais de estresse no trabalho
293,27/07/2027,12h,Relaxamento,técnica de relaxamento guiada,50,Baixo,técnica de relaxamento guiada
293,27/07/2027,20h,Foco e concentração,dificuldade de concentração o que fazer,50,Baixo,
294,28/07/2027,09h,Solidão,solidão da alma,50,Baixo,
294,28/07/2027,12h,Autoestima,autoconfiança profissional,50,Baixo,
294,28/07/2027,20h,Meditação,sons para meditar e relaxar,50,Médio,sons para relaxar e meditar
295,29/07/2027,09h,Mindfulness,mindfulness dr marcelo demarzo,50,Médio,
295,29/07/2027,12h,Qualidade de vida,qualidade de vida adolescência,50,Desconhecido,qualidade de vida na adolescencia
295,29/07/2027,20h,Inteligência emocional,controle mental e emocional,50,Médio,controle mental e emocional
296,30/07/2027,09h,Memória,esquecimento total,50,Baixo,esquecimento total
296,30/07/2027,12h,Insônia / Sono,meditação para dormir atrair prosperidade,50,Baixo,meditação para dormir e atrair prosperidade
296,30/07/2027,20h,Estresse,sinais de stress,50,Baixo,sinais do stress; sinais stress
297,31/07/2027,09h,Ansiedade,meditação mindfulness ansiedade,50,Médio,
297,31/07/2027,12h,Pânico,sindrome do panico como ajudar quem tem,50,Baixo,
297,31/07/2027,20h,Mindfulness,mindfulness dr marco abud,50,Baixo,
298,01/08/2027,09h,Meditação,a meditar,50,Baixo,
298,01/08/2027,12h,Insônia / Sono,meditação para dormir mindfulness,50,Baixo,mindfulness meditação para dormir
298,01/08/2027,20h,Memória,esquecimentos frequentes de memoria,50,Médio,esquecimentos frequentes de memoria
299,02/08/2027,09h,Autoestima,autoconfiança psicanálise,50,Desconhecido,
299,02/08/2027,12h,Inteligência emocional,emocional e mental,50,Baixo,mental e emocional
299,02/08/2027,20h,Estresse,sinais de stress no trabalho,50,Alto,sinais de stress no trabalho; sinais de stress no trabalho
300,03/08/2027,09h,Qualidade de vida,qualidade de vida da mulher,50,Baixo,qualidade de vida mulher
300,03/08/2027,12h,Ansiedade,meditação para aliviar a ansiedade,50,Baixo,
300,03/08/2027,20h,Memória,exercicio para ativar a memoria,50,Alto,exercicios para ativar a memoria
301,04/08/2027,09h,Insônia / Sono,meditação para dormir relaxamento físico e mental,50,Desconhecido,meditacao para dormir relaxamento fisico e mental
301,04/08/2027,12h,Pânico,sindrome do panico da fraqueza,50,Baixo,
301,04/08/2027,20h,Estresse,sintomas ansiedade e stress,50,Baixo,sintomas do stress e ansiedade; sintomas do stress e ansiedade
302,05/08/2027,09h,Relaxamento,técnicas de relaxamento muscular progressivo e respiração,50,Desconhecido,técnicas de relaxamento muscular progressivo e respiração
302,05/08/2027,12h,Foco e concentração,dificuldade de memorização atenção e concentração,50,Médio,
302,05/08/2027,20h,Solidão,solidão e solitude filosofia,50,Desconhecido,
303,06/08/2027,09h,Qualidade de vida,qualidade de vida da pessoa idosa,50,Baixo,qualidade de vida pessoa idosa
303,06/08/2027,12h,Inteligência emocional,emocoes e saude,50,Desconhecido,saude das emoções
303,06/08/2027,20h,Autoestima,autoestima baixa como melhorar,50,Médio,
304,07/08/2027,09h,Meditação,aula de meditação para iniciantes,50,Médio,
304,07/08/2027,12h,Mindfulness,mindfulness e ciência,50,Desconhecido,
304,07/08/2027,20h,Insônia / Sono,meditação para dormir renata rocha,50,Baixo,renata rocha meditação para dormir
305,08/08/2027,09h,Memória,exercicio para exercitar a memoria,50,Médio,exercicios para exercitar a memoria
305,08/08/2027,12h,Estresse,sintomas de stress mental,50,Baixo,sintomas stress mental; stress mental sintomas
305,08/08/2027,20h,Pânico,sindrome do panico dores no corpo,50,Desconhecido,
306,09/08/2027,09h,Ansiedade,meditação para iniciantes ansiedade,50,Médio,
306,09/08/2027,12h,Qualidade de vida,qualidade de vida de um profissional,50,Desconhecido,qualidade de vida profissional
306,09/08/2027,20h,Autoestima,autoestima extremamente baixa,50,Baixo,
307,10/08/2027,09h,Memória,exercicio para treinar a memoria,50,Alto,treinar a memoria exercicios
307,10/08/2027,12h,Insônia / Sono,meditação para dormir sono profundo,50,Baixo,meditação para dormir um sono profundo
307,10/08/2027,20h,Inteligência emocional,equilibrio das emoções,50,Baixo,equilibrio das emoções
308,11/08/2027,09h,Estresse,stress e qualidade de vida,50,Baixo,stress e qualidade de vida; stress e qualidade de vida
308,11/08/2027,12h,Mindfulness,mindfulness e compaixão na recuperação da psicose,50,Desconhecido,
308,11/08/2027,20h,Meditação,aula meditação relaxamento,50,Desconhecido,
309,12/08/2027,09h,Autocuidado,lista de autocuidado emocional,50,Desconhecido,
309,12/08/2027,12h,Insônia / Sono,meditação para dormir sons da natureza,50,Baixo,meditação para dormir sons da natureza
309,12/08/2027,20h,Memória,exercicios cognitivos para memoria,50,Alto,exercícios cognitivos para memória
310,13/08/2027,09h,Estresse,stress e qualidade de vida no trabalho,50,Baixo,stress e qualidade de vida no trabalho; stress e qualidade de vida no trabalho
310,13/08/2027,12h,Relaxamento,técnicas de relaxamento no trabalho,50,Baixo,tecnicas de relaxamento no trabalho
310,13/08/2027,20h,Solidão,solidão e solitude psicanálise,50,Baixo,
311,14/08/2027,09h,Foco e concentração,dificuldade em concentração nos estudos,50,Baixo,
311,14/08/2027,12h,Meditação,chuva para meditar,50,Desconhecido,
311,14/08/2027,20h,Mindfulness,mindfulness e cristianismo,50,Baixo,
312,15/08/2027,09h,Inteligência emocional,equilibrio das emoções haroldo dutra dias,50,Desconhecido,equilibrio das emoções haroldo dutra dias
312,15/08/2027,12h,Autoestima,autoestima la em baixo,50,Baixo,
312,15/08/2027,20h,Qualidade de vida,qualidade de vida dos profissionais de saúde,50,Desconhecido,qualidade de vida profissionais da saude
313,16/08/2027,09h,Pânico,sindrome do panico formigamento nas maos,50,Baixo,
313,16/08/2027,12h,Memória,exercicios para estimular a memoria,50,Alto,exercício para estimular a memória
313,16/08/2027,20h,Insônia / Sono,meditação para relaxar e dormir bem,50,Baixo,meditação para relaxar e dormir bem
314,17/08/2027,09h,Estresse,stress e tonturas,50,Baixo,stress tonturas; tonturas stress
314,17/08/2027,12h,Ansiedade,meditação para relaxar ansiedade,50,Médio,
314,17/08/2027,20h,Mindfulness,mindfulness e espiritualidade,50,Baixo,
315,18/08/2027,09h,Inteligência emocional,equilibrio emocional definição,50,Desconhecido,equilibrio emocional definição
315,18/08/2027,12h,Meditação,curso de meditação para iniciantes,50,Alto,
315,18/08/2027,20h,Insônia / Sono,meditação para sono reparador,50,Alto,meditação sono reparador
316,19/08/2027,09h,Memória,exercicios para fortalecer a memoria,50,Médio,exercícios para fortalecer a memória
316,19/08/2027,12h,Estresse,stress ocupacional,50,Baixo,stress ocupacional; stress ocupacional
316,19/08/2027,20h,Qualidade de vida,qualidade de vida e bem estar do idoso,50,Desconhecido,qualidade de vida e bem estar do idoso
317,20/08/2027,09h,Autoestima,autoestima ou auto confiança,50,Baixo,
317,20/08/2027,12h,Pânico,sindrome do panico ou infarto,50,Baixo,
317,20/08/2027,20h,Ansiedade,queimação no peito pode ser ansiedade,50,Baixo,
318,21/08/2027,09h,Memória,exercicios para melhorar a memoria de idosos,50,Alto,exercícios para melhorar a memória de idosos
318,21/08/2027,12h,Insônia / Sono,meditação profunda para dormir,50,Baixo,meditação profunda para dormir
318,21/08/2027,20h,Estresse,stress organizacional,50,Baixo,stress organizacional; stress organizacional
319,22/08/2027,09h,Foco e concentração,distração no trabalho,50,Baixo,
319,22/08/2027,12h,Relaxamento,aprender a respirar para relaxar,50,Alto,
319,22/08/2027,20h,Solidão,solidão e solitude psicologia,50,Baixo,
320,23/08/2027,09h,Autoestima,autoestima ou baixa estima,50,Baixo,
320,23/08/2027,12h,Qualidade de vida,qualidade de vida e saúde do trabalhador,50,Baixo,saude e qualidade de vida do trabalhador
320,23/08/2027,20h,Meditação,dicas para começar a meditar,50,Médio,
321,24/08/2027,09h,Inteligência emocional,equilibrio emocional no ambiente de trabalho,50,Baixo,equilibrio emocional no ambiente de trabalho
321,24/08/2027,12h,Mindfulness,mindfulness e inteligência emocional,50,Desconhecido,
321,24/08/2027,20h,Pânico,sindrome do panico primeiros sintomas,50,Baixo,
322,25/08/2027,09h,Insônia / Sono,minha filha tem dificuldade para dormir,50,Médio,minha filha tem dificuldade para dormir
322,25/08/2027,12h,Memória,exercicios para memoria operacional,50,Alto,exercícios para memória operacional
322,25/08/2027,20h,Estresse,ambiente de trabalho estressante,50,Baixo,ambiente de trabalho estressante
323,26/08/2027,09h,Autoconhecimento,autoconhecimento passo a passo,50,Médio,
323,26/08/2027,12h,Ansiedade,respiração consciente ansiedade,50,Baixo,
323,26/08/2027,20h,Qualidade de vida,qualidade de vida na velhice,50,Baixo,velhice e qualidade de vida
324,27/08/2027,09h,Estresse,ambiente estressante,50,Baixo,ambiente estressante
324,27/08/2027,12h,Memória,exercícios para atenção e memória,50,Desconhecido,exercícios para memoria e atenção
324,27/08/2027,20h,Insônia / Sono,o que fazer contra a insonia,50,Alto,o que fazer contra insonia
325,28/08/2027,09h,Autoestima,baixa auto confiança,50,Baixo,
325,28/08/2027,12h,Mindfulness,mindfulness em contexto escolar,50,Desconhecido,
325,28/08/2027,20h,Inteligência emocional,equilíbrio emocional como adquirir,50,Desconhecido,equilíbrio emocional como adquirir
326,29/08/2027,09h,Meditação,eduardo shinyashiki meditação,50,Desconhecido,
326,29/08/2027,12h,Pânico,sintomas de medo e panico,50,Baixo,
326,29/08/2027,20h,Insônia / Sono,o que fazer para curar a insonia,50,Médio,o que fazer para curar insonia
327,30/08/2027,09h,Memória,idoso com esquecimento,50,Baixo,idoso com esquecimento
327,30/08/2027,12h,Estresse,ansiedade gera estresse,50,Baixo,estresse gera ansiedade
327,30/08/2027,20h,Solidão,solidão na era digital,50,Baixo,
328,31/08/2027,09h,Relaxamento,aula para relaxar a mente,50,Desconhecido,
328,31/08/2027,12h,Foco e concentração,falta de atenção e concentração infantil,50,Alto,
328,31/08/2027,20h,Meditação,gratidão meditação e relaxamento,50,Baixo,
329,01/09/2027,09h,Inteligência emocional,equilíbrio emocional e espiritual,50,Baixo,equilíbrio emocional e espiritual
329,01/09/2027,12h,Mindfulness,mindfulness estudos,50,Baixo,
329,01/09/2027,20h,Autoestima,baixa auto estima aparência,50,Baixo,
330,02/09/2027,09h,Qualidade de vida,qualidade de vida relacionada a saude,50,Baixo,qualidade de vida relacionada à saúde
330,02/09/2027,12h,Estresse,causas do estresse no ambiente de trabalho,50,Baixo,causas do estresse no ambiente de trabalho
330,02/09/2027,20h,Memória,idoso esquecendo as coisas,50,Baixo,idoso esquecendo as coisas
331,03/09/2027,09h,Insônia / Sono,o que fazer para dormir quando se tem insonia,50,Médio,o que fazer para dormir quando tem insonia
331,03/09/2027,12h,Pânico,sintomas de sindrome do panico infantil,50,Desconhecido,
331,03/09/2027,20h,Ansiedade,respiração para relaxar ansiedade,50,Médio,
332,04/09/2027,09h,Autoestima,baixa auto estima como superar,50,Desconhecido,
332,04/09/2027,12h,Mindfulness,mindfulness eurekka,50,Baixo,
332,04/09/2027,20h,Insônia / Sono,o que fazer quando se ta com insonia,50,Desconhecido,o que fazer quando ta com insonia
333,05/09/2027,09h,Memória,memoria ruim esquecimento,50,Baixo,memoria ruim esquecimento
333,05/09/2027,12h,Estresse,causas e efeitos do estresse no trabalho,50,Desconhecido,causas e efeitos do estresse no trabalho
333,05/09/2027,20h,Inteligência emocional,equilíbrio emocional exemplos,50,Baixo,equilíbrio emocional exemplos
334,06/09/2027,09h,Meditação,meditacao alfa profundo,50,Baixo,
334,06/09/2027,12h,Qualidade de vida,qualidade de vida saudavel,50,Baixo,vida saudável e qualidade de vida
334,06/09/2027,20h,Pânico,sintomas de sindrome do panico noturna,50,Desconhecido,
335,07/09/2027,09h,Ansiedade,sintomas de adrenalina e ansiedade,50,Baixo,
335,07/09/2027,12h,Estresse,crise de estresse e ansiedade sintomas,50,Baixo,sintomas de crise de estresse e ansiedade
335,07/09/2027,20h,Memória,memória lenta e esquecimento,50,Médio,memória lenta e esquecimento
336,08/09/2027,09h,Insônia / Sono,o que fazer quando tiver com insonia,50,Baixo,o que fazer quando tiver insonia
336,08/09/2027,12h,Foco e concentração,falta de atenção e concentração na escola,50,Médio,
336,08/09/2027,20h,Relaxamento,exercicio de respiração para relaxar,50,Baixo,
337,09/09/2027,09h,Qualidade de vida,rotina de habitos saudaveis,50,Baixo,rotina de habitos saudaveis
337,09/09/2027,12h,Meditação,meditacao em casa,50,Baixo,
337,09/09/2027,20h,Inteligência emocional,equilíbrio emocional no casamento,50,Baixo,equilíbrio emocional no casamento
338,10/09/2027,09h,Mindfulness,mindfulness febracis,50,Baixo,
338,10/09/2027,12h,Autoestima,baixa auto estima como tratar,50,Médio,
338,10/09/2027,20h,Solidão,solidão na vida adulta,50,Baixo,
339,11/09/2027,09h,Insônia / Sono,pessoas com dificuldade para dormir,50,Baixo,pessoas com dificuldade para dormir
339,11/09/2027,12h,Memória,memória recente ruim,50,Baixo,memória recente ruim
339,11/09/2027,20h,Estresse,definição de estresse no trabalho,50,Baixo,definição de estresse no trabalho
340,12/09/2027,09h,Pânico,sintomas fisicos de sindrome do panico,50,Baixo,
340,12/09/2027,12h,Ansiedade,sintomas de ansiedade no dia a dia,50,Baixo,
340,12/09/2027,20h,Inteligência emocional,equilíbrio emocional no relacionamento,50,Baixo,equilíbrio emocional no relacionamento
341,13/09/2027,09h,Estresse,definição de stress no trabalho,50,Desconhecido,definição de stress no trabalho
341,13/09/2027,12h,Memória,mente esquecida,50,Baixo,mente esquecida
341,13/09/2027,20h,Insônia / Sono,problema para respirar ao dormir,50,Baixo,problema para respirar ao dormir
342,14/09/2027,09h,Meditação,meditacao enquanto dorme,50,Baixo,
342,14/09/2027,12h,Qualidade de vida,saúde meio ambiente e qualidade de vida,50,Baixo,qualidade de vida saúde e meio ambiente
342,14/09/2027,20h,Autoestima,baixa auto estima feminina,50,Baixo,
343,15/09/2027,09h,Mindfulness,mindfulness foco,50,Baixo,
343,15/09/2027,12h,Pânico,tecnica de respiração para sindrome do panico,50,Baixo,
343,15/09/2027,20h,Solidão,solidão no relacionamento,50,Baixo,
344,16/09/2027,09h,Insônia / Sono,qualidade de sono ruim,50,Baixo,qualidade do sono ruim
344,16/09/2027,12h,Memória,muito esquecimento,50,Baixo,muito esquecimento
344,16/09/2027,20h,Estresse,dia estressante no trabalho,50,Baixo,dia estressante no trabalho
345,17/09/2027,09h,Relaxamento,exercícios para relaxamento muscular,50,Baixo,
345,17/09/2027,12h,Mindfulness,mindfulness gestalt,50,Baixo,
345,17/09/2027,20h,Autoestima,baixa auto estima masculina,50,Baixo,
346,18/09/2027,09h,Qualidade de vida,semana da qualidade de vida,50,Baixo,semana qualidade de vida
346,18/09/2027,12h,Meditação,meditacao entrego aceito,50,Desconhecido,
346,18/09/2027,20h,Foco e concentração,falta de atenção e concentração na sala de aula,50,Baixo,
347,19/09/2027,09h,Inteligência emocional,equilíbrio emocional plenitude e felicidade e espiritualidade,50,Desconhecido,equilíbrio emocional plenitude e felicidade e espiritualidade
347,19/09/2027,12h,Estresse,enjoo e estresse,50,Baixo,enjoo estresse
347,19/09/2027,20h,Memória,pequenos esquecimentos,50,Baixo,pequenos esquecimentos
348,20/09/2027,09h,Insônia / Sono,relax guiado para dormir,50,Baixo,relax guiado para dormir
348,20/09/2027,12h,Ansiedade,tecnicas de relaxamento para crise de ansiedade,50,Baixo,
348,20/09/2027,20h,Pânico,tecnicas para crise de panico,50,Baixo,
349,21/09/2027,09h,Meditação,meditacao guiada para curar e relaxar,50,Baixo,
349,21/09/2027,12h,Insônia / Sono,relaxamento espiritual para dormir,50,Médio,relaxamento espiritual para dormir
349,21/09/2027,20h,Memória,pequenos esquecimentos o que pode ser,50,Baixo,pequenos esquecimentos o que pode ser
350,22/09/2027,09h,Estresse,estressado no trabalho,50,Baixo,estressado no trabalho
350,22/09/2027,12h,Qualidade de vida,sobre a qualidade de vida,50,Baixo,sobre qualidade de vida
350,22/09/2027,20h,Autoestima,baixa auto estima na adolescência,50,Baixo,
351,23/09/2027,09h,Inteligência emocional,equilíbrio físico mental e emocional,50,Baixo,equilíbrio físico mental e emocional
351,23/09/2027,12h,Mindfulness,mindfulness google academico,50,Desconhecido,
351,23/09/2027,20h,Ansiedade,tecnicas para aliviar crise de ansiedade,50,Médio,
352,24/09/2027,09h,Autocuidado,rotina de autocuidado feminino,50,Baixo,
352,24/09/2027,12h,Estresse,estresse acumulado sintomas,50,Baixo,sintomas de estresse acumulado
352,24/09/2027,20h,Memória,pessoa com esquecimento,50,Baixo,pessoa com esquecimento
353,25/09/2027,09h,Insônia / Sono,relaxamento guiado para dormir bem,50,Baixo,relaxamento guiado para dormir bem
353,25/09/2027,12h,Foco e concentração,falta de atenção e concentração no trabalho,50,Desconhecido,
353,25/09/2027,20h,Pânico,tipos de síndrome do pânico,50,Baixo,
354,26/09/2027,09h,Solidão,solidão profunda,50,Baixo,
354,26/09/2027,12h,Mindfulness,mindfulness guiada,50,Baixo,
354,26/09/2027,20h,Inteligência emocional,equilíbrio físico mental emocional e espiritual,50,Baixo,equilíbrio físico mental emocional e espiritual
355,27/09/2027,09h,Autoestima,baixa auto estima no casamento,50,Desconhecido,
355,27/09/2027,12h,Qualidade de vida,terapia alternativa e qualidade de vida,50,Desconhecido,terapias alternativas e qualidade de vida
355,27/09/2027,20h,Relaxamento,exercícios respiratórios para relaxar,50,Baixo,
356,28/09/2027,09h,Meditação,meditacao louise cura,50,Baixo,
356,28/09/2027,12h,Insônia / Sono,relaxamento guiado para dormir profundamente,50,Baixo,relaxamento guiado para dormir profundamente
356,28/09/2027,20h,Memória,pessoa esquecendo as coisas,50,Baixo,pessoa esquecendo as coisas
357,29/09/2027,09h,Estresse,estresse adolescência,50,Baixo,estresse na adolescência
357,29/09/2027,12h,Ansiedade,técnica para controlar falta de ar ansiedade,50,Baixo,
357,29/09/2027,20h,Estresse,estresse agudo e crônico,50,Baixo,estresse cronico e agudo
358,30/09/2027,09h,Memória,pessoa jovem com esquecimento,50,Baixo,pessoa jovem com esquecimento
358,30/09/2027,12h,Insônia / Sono,relaxamento profundo guiado para dormir,50,Baixo,relaxamento profundo guiado para dormir
358,30/09/2027,20h,Pânico,toc e sindrome do panico,50,Baixo,
359,01/10/2027,09h,Qualidade de vida,a qualidade de vida no trabalho qvt cria um ambiente,50,Desconhecido,
359,01/10/2027,12h,Autoestima,baixa auto estima psicanalise,50,Desconhecido,
359,01/10/2027,20h,Inteligência emocional,estabilidade emocional no trabalho,50,Baixo,estabilidade emocional no trabalho
360,02/10/2027,09h,Meditação,meditacao para principiantes,50,Alto,
360,02/10/2027,12h,Mindfulness,mindfulness infantil,50,Médio,
360,02/10/2027,20h,Relaxamento,metodos para relaxar,50,Baixo,
361,03/10/2027,09h,Mindfulness,mindfulness kurs online,50,Desconhecido,
361,03/10/2027,12h,Insônia / Sono,relaxamento profundo para dormir bem,50,Desconhecido,relaxamento profundo para dormir bem
361,03/10/2027,20h,Memória,pessoa muito esquecida,50,Baixo,pessoa muito esquecida
362,04/10/2027,09h,Estresse,estresse e ansiedade no ambiente de trabalho,50,Médio,estresse e ansiedade no ambiente de trabalho
362,04/10/2027,12h,Foco e concentração,falta de concentração como melhorar,50,Alto,
362,04/10/2027,20h,Solidão,solidão psicanalise,50,Baixo,
363,05/10/2027,09h,Meditação,meditacao paz interior,50,Baixo,
363,05/10/2027,12h,Inteligência emocional,exemplos de resiliência emocional,50,Baixo,resiliência emocional exemplo
363,05/10/2027,20h,Autoestima,baixa auto estima tem cura,50,Baixo,
364,06/10/2027,09h,Qualidade de vida,alguns habitos saudaveis,50,Baixo,
364,06/10/2027,12h,Ansiedade,técnicas de relaxamento corporal para ansiedade,50,Baixo,
364,06/10/2027,20h,Pânico,tudo sobre crise de panico,50,Alto,
365,07/10/2027,09h,Estresse,estresse e ansiedade sintomas fisicos,50,Baixo,sintomas fisicos de estresse e ansiedade
365,07/10/2027,12h,Memória,pessoa que esquece as coisas com facilidade,50,Baixo,pessoa que esquece as coisas com facilidade
365,07/10/2027,20h,Insônia / Sono,sons de meditação para dormir,50,Médio,sons de meditação para dormir